2010,iP,PߑP,03/06(y),13:03,֓c,,0,1,}n,"10,440",lose
2010,iP,PߑP,03/06(y),13:04,Ó,R`,1,1,,"11,280",draw
2010,iP,PߑP,03/06(y),14:01,e,lFM,1,0,X^,"29,011",win
2010,iP,PߑP,03/06(y),14:04,L,,1,1,Lr,"16,216",draw
2010,iP,PߑP,03/06(y),16:03,e,V,2,1,X,"22,117",win
2010,iP,PߑP,03/06(y),16:04,,Ya,2,0,JV},"35,251",win
2010,iP,PߑP,03/06(y),19:04,f,É,1,2,,"18,105",lose
2010,iP,PߑQ,03/07(),14:05,_,s,2,0,z[Y,"19,506",win
2010,iP,PߑQ,03/07(),15:05,{,b,3,0,m`bj,"8,605",win
2010,iP,QߑP,03/13(y),14:03,V,֓c,1,1,kdX,"28,423",draw
2010,iP,QߑP,03/13(y),14:04,,R`,3,0,AEX^,"18,517",win
2010,iP,QߑP,03/13(y),14:05,lFM,Ó,3,0,YX,"32,228",win
2010,iP,QߑP,03/13(y),16:04,É,e,2,3,LcX,"25,176",lose
2010,iP,QߑP,03/13(y),16:07,,{,3,1,AX^,"17,978",win
2010,iP,QߑQ,03/14(),13:04,s,,1,1,,"15,222",draw
2010,iP,QߑQ,03/14(),14:02,Ya,e,1,0,,"50,096",win
2010,iP,QߑQ,03/14(),16:04,_,L,1,2,z[Y,"9,133",lose
2010,iP,QߑQ,03/14(),16:06,b,f,1,1,,"37,860",draw
2010,iP,RߑP,03/20(y),13:03,Ó,L,1,3,,"8,250",lose
2010,iP,RߑP,03/20(y),13:04,,_,1,0,AEX^,"15,367",win
2010,iP,RߑP,03/20(y),13:04,s,,2,1,,"8,177",win
2010,iP,RߑP,03/20(y),14:05,lFM,e,4,0,YX,"35,870",win
2010,iP,RߑP,03/20(y),16:00,{,,0,1,m`bj,"11,116",lose
2010,iP,RߑP,03/20(y),16:03,f,V,0,0,,"16,813",draw
2010,iP,RߑP,03/20(y),19:04,e,b,0,0,X^,"20,143",draw
2010,iP,RߑQ,03/21(Ej),13:04,R`,Ya,1,1,mcX^,"19,021",draw
2010,iP,RߑQ,03/21(Ej),16:03,É,֓c,2,0,䗤,"12,749",win
2010,iP,SߑP,03/27(y),13:03,Ó,V,2,0,,"10,220",win
2010,iP,SߑP,03/27(y),13:04,e,,0,0,X,"17,716",draw
2010,iP,SߑP,03/27(y),14:03,_,lFM,1,1,z[Y,"15,442",draw
2010,iP,SߑP,03/27(y),14:05,,R`,3,1,JV},"22,089",win
2010,iP,SߑP,03/27(y),16:03,֓c,s,2,3,}n,"7,258",lose
2010,iP,SߑP,03/27(y),16:04,b,Ya,2,3,,"16,261",lose
2010,iP,SߑQ,03/28(),14:01,{,e,0,2,m`bj,"10,596",lose
2010,iP,SߑQ,03/28(),17:03,f,,2,2,,"17,216",draw
2010,iP,TߑP,04/03(y),13:04,b,s,3,1,,"8,926",win
2010,iP,TߑP,04/03(y),15:05,lFM,,1,2,YX,"27,114",lose
2010,iP,TߑP,04/03(y),15:05,V,{,0,0,kdX,"24,529",draw
2010,iP,TߑP,04/03(y),16:04,R`,L,1,0,mcX^,"7,019",win
2010,iP,TߑP,04/03(y),16:04,É,_,2,0,LcX,"17,776",win
2010,iP,TߑP,04/03(y),19:04,Ya,Ó,2,1,,"36,790",win
2010,iP,TߑQ,04/04(),13:04,,,2,1,{X,"23,214",win
2010,iP,TߑQ,04/04(),14:03,֓c,f,4,3,}n,"10,603",win
2010,iP,TߑQ,04/04(),16:03,e,e,2,1,X,"22,199",win
2010,iP,UߑP,04/10(y),13:03,Ó,֓c,0,0,,"10,406",draw
2010,iP,UߑP,04/10(y),13:04,s,É,0,2,,"10,094",lose
2010,iP,UߑP,04/10(y),14:03,L,e,0,3,Lr,"14,094",lose
2010,iP,UߑP,04/10(y),14:05,{,f,1,3,m`bj,"10,149",lose
2010,iP,UߑP,04/10(y),16:03,lFM,b,0,0,YX,"15,644",draw
2010,iP,UߑP,04/10(y),16:03,V,Ya,0,2,kdX,"32,485",lose
2010,iP,UߑP,04/10(y),19:04,e,,1,1,X^,"30,672",draw
2010,iP,UߑQ,04/11(),13:03,,,5,1,AEX^,"17,522",win
2010,iP,UߑQ,04/11(),14:04,_,R`,0,2,z[Y,"10,392",lose
2010,iP,VߑP,04/17(y),14:04,,_,0,1,AX^,"12,119",lose
2010,iP,VߑP,04/17(y),14:04,R`,lFM,0,1,mcX^,"14,168",lose
2010,iP,VߑP,04/17(y),14:04,É,V,1,1,䗤,"10,083",draw
2010,iP,VߑP,04/17(y),14:04,f,,1,1,,"19,914",draw
2010,iP,VߑP,04/17(y),17:04,e,s,1,1,X^,"18,350",draw
2010,iP,VߑP,04/17(y),19:04,֓c,{,1,1,}n,"7,030",draw
2010,iP,VߑQ,04/18(),13:04,b,Ó,2,1,,"9,838",win
2010,iP,VߑQ,04/18(),15:07,,L,0,0,JV},"17,983",draw
2010,iP,VߑQ,04/18(),16:03,Ya,e,3,0,,"46,313",win
2010,iP,SߑR,04/21(),19:04,L,É,1,0,Lr,"9,502",win
2010,iP,WߑP,04/24(y),13:04,,{,2,1,AEX^,"15,156",win
2010,iP,WߑP,04/24(y),13:04,s,R`,1,2,,"8,073",lose
2010,iP,WߑP,04/24(y),14:05,e,_,3,0,X,"17,669",win
2010,iP,WߑP,04/24(y),16:03,Ya,֓c,0,1,,"37,116",lose
2010,iP,WߑP,04/24(y),17:03,lFM,,1,3,YX,"43,025",lose
2010,iP,WߑP,04/24(y),17:03,f,e,2,0,,"17,590",win
2010,iP,WߑP,04/24(y),19:04,V,L,2,2,kdX,"24,146",draw
2010,iP,WߑQ,04/25(),14:03,Ó,,1,0,,"9,892",win
2010,iP,WߑQ,04/25(),14:03,b,É,0,1,,"13,867",lose
2010,iP,XߑP,05/01(y),13:03,lFM,֓c,1,0,YX,"27,223",win
2010,iP,XߑP,05/01(y),13:05,_,V,1,2,z[Y,"12,305",lose
2010,iP,XߑP,05/01(y),14:03,É,R`,2,1,䗤,"13,206",win
2010,iP,XߑP,05/01(y),15:04,,b,1,1,AX^,"13,622",draw
2010,iP,XߑP,05/01(y),16:03,,Ya,2,1,GRp,"38,851",win
2010,iP,XߑP,05/01(y),16:04,,f,2,1,JV},"32,855",win
2010,iP,XߑP,05/01(y),16:05,e,Ó,4,2,X,"19,423",win
2010,iP,XߑP,05/01(y),19:00,{,s,2,1,m`bj,"9,203",win
2010,iP,XߑP,05/01(y),19:04,L,e,2,1,Lr,"19,549",win
2010,iP,POߑP,05/05(Ej),13:03,Ó,_,2,2,,"11,650",draw
2010,iP,POߑP,05/05(Ej),13:04,s,,2,4,,"14,016",lose
2010,iP,POߑP,05/05(Ej),14:04,Ya,É,2,1,,"55,410",win
2010,iP,POߑP,05/05(Ej),14:04,e,,0,0,X^,"26,406",draw
2010,iP,POߑP,05/05(Ej),14:05,b,,2,1,,"21,761",win
2010,iP,POߑP,05/05(Ej),16:03,֓c,L,2,1,}n,"12,020",win
2010,iP,POߑP,05/05(Ej),16:04,V,lFM,2,1,kdX,"41,002",win
2010,iP,POߑP,05/05(Ej),19:03,f,e,4,4,,"20,317",draw
2010,iP,POߑP,05/05(Ej),19:04,R`,{,1,0,mcX^,"9,537",win
2010,iP,PPߑP,05/08(y),14:01,Ya,lFM,2,3,,"48,246",lose
2010,iP,PPߑP,05/08(y),15:04,,V,0,2,AEX^,"15,396",lose
2010,iP,PPߑP,05/08(y),19:05,_,֓c,3,0,z[Y,"13,676",win
2010,iP,PPߑQ,05/09(),13:04,,É,1,2,AX^,"17,239",lose
2010,iP,PPߑQ,05/09(),16:04,R`,e,0,3,mcX^,"11,176",lose
2010,iP,PQߑP,05/15(y),14:04,e,,2,2,X^,"28,114",draw
2010,iP,PQߑP,05/15(y),14:04,V,R`,3,1,kdX,"35,858",win
2010,iP,PQߑP,05/15(y),15:03,lFM,s,2,2,jbp,"13,127",draw
2010,iP,PQߑP,05/15(y),17:04,,Ya,1,1,{X,"24,162",draw
2010,iP,PQߑP,05/15(y),17:05,b,_,2,1,,"17,001",win
2010,iP,PQߑQ,05/16(),14:03,֓c,e,3,1,}n,"14,760",win
2010,iP,PQߑQ,05/16(),15:05,{,L,0,0,m`bj,"10,258",draw
2010,iP,PQߑQ,05/16(),16:03,É,,1,4,LcX,"34,098",lose
2010,iP,PQߑQ,05/16(),19:04,Ó,f,1,3,,"13,797",lose
2010,iP,PPߑR,07/14(),19:03,e,{,0,0,X,"17,722",draw
2010,iP,PPߑR,07/14(),19:04,,Ó,1,0,JV},"9,472",win
2010,iP,PPߑR,07/14(),19:04,L,b,0,5,Lr,"5,334",lose
2010,iP,PPߑR,07/14(),19:05,f,s,1,1,,"9,093",draw
2010,iP,PRߑP,07/17(y),18:03,{,É,0,1,m`bj,"11,412",lose
2010,iP,PRߑP,07/17(y),18:33,,֓c,0,0,AEX^,"19,968",draw
2010,iP,PRߑP,07/17(y),18:34,e,_,2,2,X^,"25,781",draw
2010,iP,PRߑP,07/17(y),19:03,V,b,1,1,kdX,"34,206",draw
2010,iP,PRߑP,07/17(y),19:04,R`,,3,1,mcX^,"20,231",win
2010,iP,PRߑP,07/17(y),19:04,,e,2,1,JV},"26,607",win
2010,iP,PRߑQ,07/18(),18:04,s,Ó,0,1,,"11,705",lose
2010,iP,PRߑQ,07/18(),18:05,f,Ya,3,2,,"20,201",win
2010,iP,PRߑQ,07/18(),19:04,L,lFM,3,0,Lr,"23,948",win
2010,iP,PSߑP,07/24(y),18:03,Ya,L,0,1,,"37,470",lose
2010,iP,PSߑP,07/24(y),18:03,֓c,,2,3,}n,"14,973",lose
2010,iP,PSߑP,07/24(y),18:04,b,R`,3,0,,"19,880",win
2010,iP,PSߑP,07/24(y),19:04,,V,2,3,AX^,"17,281",lose
2010,iP,PSߑP,07/24(y),19:04,lFM,f,1,0,YX,"39,005",win
2010,iP,PSߑP,07/24(y),19:05,É,,3,3,䗤,"17,534",draw
2010,iP,PSߑQ,07/25(),18:05,Ó,e,1,3,,"12,737",lose
2010,iP,PSߑQ,07/25(),18:05,_,{,3,1,z[Y,"10,081",win
2010,iP,PSߑQ,07/25(),19:03,e,s,1,0,X,"17,862",win
2010,iP,PTߑP,07/27(),19:03,,b,3,2,AEX^,"13,317",win
2010,iP,PTߑP,07/27(),19:04,,V,2,2,JV},"10,685",draw
2010,iP,PTߑP,07/27(),19:05,,L,1,1,AX^,"12,139",draw
2010,iP,PTߑQ,07/28(),19:00,{,lFM,1,1,m`bj,"9,981",draw
2010,iP,PTߑQ,07/28(),19:03,_,f,1,3,z[Y,"16,887",lose
2010,iP,PTߑQ,07/28(),19:04,R`,e,0,0,mcX^,"12,045",draw
2010,iP,PTߑQ,07/28(),19:04,e,֓c,1,1,,"26,534",draw
2010,iP,PTߑQ,07/28(),19:04,É,Ó,2,1,䗤,"7,991",win
2010,iP,PTߑQ,07/28(),19:04,s,Ya,0,4,,"10,530",lose
2010,iP,PUߑP,07/31(y),18:03,Ya,{,0,1,,"40,326",lose
2010,iP,PUߑP,07/31(y),19:03,V,e,2,1,kdX,"36,910",win
2010,iP,PUߑP,07/31(y),19:03,֓c,b,0,3,}n,"10,021",lose
2010,iP,PUߑP,07/31(y),19:04,,_,3,0,JV},"16,415",win
2010,iP,PUߑP,07/31(y),19:05,lFM,É,0,2,YX,"29,964",lose
2010,iP,PUߑQ,08/01(),18:03,f,R`,1,0,,"11,036",win
2010,iP,PUߑQ,08/01(),18:04,L,s,3,0,Lr,"16,193",win
2010,iP,PUߑQ,08/01(),19:03,e,,3,2,X,"16,326",win
2010,iP,PUߑQ,08/01(),19:03,Ó,,3,6,,"13,316",lose
2010,iP,PVߑP,08/07(y),18:03,{,Ó,3,0,FJ,"7,831",win
2010,iP,PVߑP,08/07(y),18:04,s,V,0,2,,"6,818",lose
2010,iP,PVߑP,08/07(y),18:33,,,2,1,AEX^,"19,848",win
2010,iP,PVߑP,08/07(y),19:03,L,f,0,2,Lr,"18,069",lose
2010,iP,PVߑP,08/07(y),19:04,,lFM,0,1,AX^,"18,894",lose
2010,iP,PVߑP,08/07(y),19:04,R`,֓c,1,0,mcX^,"9,041",win
2010,iP,PVߑQ,08/08(),18:04,_,Ya,1,0,z[Y,"12,799",win
2010,iP,PVߑQ,08/08(),18:05,b,e,0,0,X^,"14,031",draw
2010,iP,PVߑQ,08/08(),19:05,e,É,0,1,X^,"27,990",lose
2010,iP,PWߑP,08/13(),19:04,R`,V,1,0,mcX^,"14,118",win
2010,iP,PWߑQ,08/14(y),18:04,_,Ó,0,0,z[Y,"9,652",draw
2010,iP,PWߑQ,08/14(y),18:34,,lFM,1,2,AEX^,"20,019",lose
2010,iP,PWߑQ,08/14(y),19:03,É,Ya,3,1,LcX,"31,715",win
2010,iP,PWߑQ,08/14(y),19:04,,f,1,3,AX^,"17,651",lose
2010,iP,PWߑQ,08/14(y),19:04,,e,1,1,JV},"23,640",draw
2010,iP,PWߑR,08/15(),18:00,{,֓c,0,0,m`bj,"9,742",draw
2010,iP,PWߑR,08/15(),18:03,s,b,0,1,,"10,849",lose
2010,iP,PWߑR,08/15(),19:03,e,L,2,0,X,"19,026",win
2010,iP,PXߑP,08/17(),19:03,f,,1,1,,"20,046",draw
2010,iP,PXߑP,08/17(),19:04,V,,4,1,kdX,"30,076",win
2010,iP,PXߑP,08/17(),19:33,Ya,,1,1,,"32,231",draw
2010,iP,PXߑP,08/17(),19:34,lFM,R`,0,1,jbp,"12,184",lose
2010,iP,PXߑQ,08/18(),19:03,֓c,_,3,2,}n,"8,049",win
2010,iP,PXߑQ,08/18(),19:04,e,É,4,0,X,"22,407",win
2010,iP,PXߑQ,08/18(),19:04,L,{,1,2,Lr,"9,945",lose
2010,iP,PXߑQ,08/18(),19:05,Ó,s,2,2,,"9,302",draw
2010,iP,PXߑQ,08/18(),19:05,b,e,4,1,X^,"9,086",win
2010,iP,QOߑP,08/21(y),18:33,,b,0,1,JV},"19,024",lose
2010,iP,QOߑP,08/21(y),18:34,e,L,0,2,X^,"20,341",lose
2010,iP,QOߑP,08/21(y),19:03,Ó,Ya,1,4,,"14,095",lose
2010,iP,QOߑP,08/21(y),19:03,V,e,2,1,kdX,"36,553",win
2010,iP,QOߑP,08/21(y),19:04,s,lFM,1,2,,"13,963",lose
2010,iP,QOߑQ,08/22(),18:01,{,,0,3,m`bj,"10,081",lose
2010,iP,QOߑQ,08/22(),18:04,R`,_,0,0,mcX^,"10,310",draw
2010,iP,QOߑQ,08/22(),18:05,֓c,,2,1,GRp,"31,266",win
2010,iP,QOߑQ,08/22(),19:04,É,f,3,1,䗤,"17,311",win
2010,iP,QPߑP,08/28(y),18:03,Ya,,1,1,,"51,177",draw
2010,iP,QPߑP,08/28(y),18:04,b,{,2,0,X^,"9,799",win
2010,iP,QPߑP,08/28(y),19:03,É,s,1,0,䗤,"13,944",win
2010,iP,QPߑP,08/28(y),19:04,,Ó,2,1,AX^,"14,395",win
2010,iP,QPߑP,08/28(y),19:04,_,e,0,0,_˃,"13,798",draw
2010,iP,QPߑP,08/28(y),19:04,L,R`,2,1,Lr,"12,393",win
2010,iP,QPߑQ,08/29(),18:03,f,֓c,2,0,,"19,550",win
2010,iP,QPߑQ,08/29(),18:05,lFM,V,3,0,YX,"23,167",win
2010,iP,QPߑQ,08/29(),18:33,,e,2,0,AEX^,"18,792",win
2010,iP,QQߑP,09/11(y),15:04,b,L,1,1,,"20,286",draw
2010,iP,QQߑP,09/11(y),15:05,{,,3,0,m`bj,"10,396",win
2010,iP,QQߑP,09/11(y),15:33,֓c,Ó,3,2,}n,"8,027",win
2010,iP,QQߑP,09/11(y),16:03,e,lFM,1,3,X,"22,173",lose
2010,iP,QQߑP,09/11(y),18:04,s,_,3,0,,"9,550",win
2010,iP,QQߑP,09/11(y),19:03,V,f,1,2,kdX,"30,832",lose
2010,iP,QQߑP,09/11(y),19:04,,,1,0,JV},"16,869",win
2010,iP,QQߑQ,09/12(),19:04,R`,É,0,1,mcX^,"10,119",lose
2010,iP,QQߑQ,09/12(),19:04,e,Ya,0,1,X^,"29,959",lose
2010,iP,QRߑP,09/18(y),13:04,L,_,1,1,Lr,"11,979",draw
2010,iP,QRߑP,09/18(y),14:01,É,lFM,1,1,䗤,"17,882",draw
2010,iP,QRߑP,09/18(y),14:03,֓c,e,2,1,}n,"11,056",win
2010,iP,QRߑP,09/18(y),15:03,,{,3,0,JV},"14,199",win
2010,iP,QRߑP,09/18(y),16:03,Ya,,1,1,,"38,909",draw
2010,iP,QRߑP,09/18(y),19:03,f,b,3,2,,"20,973",win
2010,iP,QRߑP,09/18(y),19:04,Ó,e,1,6,,"12,831",lose
2010,iP,QRߑQ,09/19(),15:03,V,s,1,1,kdX,"29,848",draw
2010,iP,QRߑQ,09/19(),15:04,,R`,2,0,{X,"26,391",win
2010,iP,QSߑP,09/25(y),13:04,e,{,0,1,X^,"17,477",lose
2010,iP,QSߑP,09/25(y),15:03,L,,1,1,Lr,"15,180",draw
2010,iP,QSߑP,09/25(y),15:04,,É,1,5,AEX^,"19,496",lose
2010,iP,QSߑP,09/25(y),15:05,_,b,0,0,z[Y,"12,775",draw
2010,iP,QSߑP,09/25(y),16:03,Ya,V,2,0,,"31,973",win
2010,iP,QSߑP,09/25(y),16:04,R`,Ó,1,1,mcX^,"7,782",draw
2010,iP,QSߑP,09/25(y),18:04,s,֓c,0,1,,"8,777",lose
2010,iP,QSߑP,09/25(y),19:03,e,f,1,2,X,"20,837",lose
2010,iP,QSߑP,09/25(y),19:04,lFM,,0,1,YX,"20,250",lose
2010,iP,QTߑP,10/02(y),13:00,{,Ya,1,2,,"29,575",lose
2010,iP,QTߑP,10/02(y),13:04,s,L,0,3,,"7,220",lose
2010,iP,QTߑP,10/02(y),13:04,_,e,0,4,z[Y,"8,707",lose
2010,iP,QTߑP,10/02(y),16:03,É,,2,1,䗤,"13,027",win
2010,iP,QTߑP,10/02(y),16:04,b,V,2,1,X^,"8,041",win
2010,iP,QTߑP,10/02(y),17:04,,,1,1,JV},"22,236",draw
2010,iP,QTߑP,10/02(y),19:04,R`,f,2,1,mcX^,"12,018",win
2010,iP,QTߑQ,10/03(),14:03,֓c,lFM,0,0,}n,"11,528",draw
2010,iP,QTߑQ,10/03(),15:05,e,Ó,3,0,,"20,508",win
2010,iP,QUߑP,10/16(y),13:03,Ó,,1,1,,"11,200",draw
2010,iP,QUߑP,10/16(y),14:04,,e,3,2,AX^,"17,182",win
2010,iP,QUߑP,10/16(y),15:04,L,֓c,1,1,Lr,"13,887",draw
2010,iP,QUߑP,10/16(y),15:05,Ya,b,2,0,,"32,902",win
2010,iP,QUߑP,10/16(y),16:03,e,R`,2,0,X,"17,427",win
2010,iP,QUߑP,10/16(y),17:03,f,{,5,1,,"15,132",win
2010,iP,QUߑP,10/16(y),19:04,,s,1,1,AEX^,"14,221",draw
2010,iP,QUߑQ,10/17(),13:03,lFM,_,1,0,YX,"17,823",win
2010,iP,QUߑQ,10/17(),16:04,V,É,4,1,kdX,"32,754",win
2010,iP,QVߑP,10/23(y),14:03,֓c,Ya,2,1,GRp,"18,301",win
2010,iP,QVߑP,10/23(y),15:04,R`,,0,3,mcX^,"12,543",lose
2010,iP,QVߑP,10/23(y),15:05,e,V,1,1,X^,"23,074",draw
2010,iP,QVߑP,10/23(y),17:04,b,,0,0,X^,"9,441",draw
2010,iP,QVߑP,10/23(y),19:04,_,É,1,2,z[Y,"15,276",lose
2010,iP,QVߑQ,10/24(),13:04,L,Ó,3,0,Lr,"11,127",win
2010,iP,QVߑQ,10/24(),13:05,s,f,1,2,,"12,151",lose
2010,iP,QVߑQ,10/24(),16:00,{,e,2,2,m`bj,"10,740",draw
2010,iP,QVߑQ,10/24(),16:04,,lFM,2,0,JV},"22,973",win
2010,iP,QWߑP,10/30(y),13:03,É,b,1,0,LcX,"24,061",win
2010,iP,QWߑP,10/30(y),13:04,,s,1,0,AX^,"12,663",win
2010,iP,QWߑP,10/30(y),13:04,,e,1,2,AEX^,"7,117",lose
2010,iP,QWߑP,10/30(y),15:04,Ya,R`,0,1,,"21,625",lose
2010,iP,QWߑP,10/30(y),15:05,e,֓c,1,1,X,"7,348",draw
2010,iP,QWߑP,10/30(y),16:03,f,_,2,4,,"12,399",lose
2010,iP,QWߑQ,10/31(),15:05,lFM,L,2,1,jbp,"12,568",win
2010,iP,QWߑQ,10/31(),17:03,V,,2,1,kdX,"30,130",win
2010,iP,QXߑP,11/06(y),14:03,Ó,lFM,1,4,,"12,181",lose
2010,iP,QXߑP,11/06(y),14:04,b,,1,0,X^,"10,877",win
2010,iP,QXߑP,11/06(y),14:04,_,,2,0,z[Y,"12,052",win
2010,iP,QXߑP,11/06(y),15:06,e,f,1,1,X^,"27,816",draw
2010,iP,QXߑP,11/06(y),15:34,֓c,V,1,1,}n,"7,596",draw
2010,iP,QXߑP,11/06(y),17:00,{,R`,2,1,m`bj,"8,457",win
2010,iP,QXߑP,11/06(y),17:04,s,e,3,4,,"11,927",lose
2010,iP,QXߑQ,11/07(),13:05,L,Ya,2,1,Lr,"21,725",win
2010,iP,QXߑQ,11/07(),16:05,,É,1,0,JV},"27,969",win
2010,iP,QWߑR,11/10(),19:03,Ó,{,1,3,,"6,032",lose
2010,iP,ROߑP,11/14(),14:03,lFM,e,1,2,YX,"29,670",lose
2010,iP,ROߑP,11/14(),14:04,Ya,s,2,0,,"32,398",win
2010,iP,ROߑP,11/14(),14:04,e,,1,2,X,"19,693",lose
2010,iP,ROߑP,11/14(),14:04,,Ó,5,0,AEX^,"16,204",win
2010,iP,ROߑP,11/14(),14:05,É,{,2,1,䗤,"17,489",win
2010,iP,ROߑP,11/14(),17:04,,֓c,3,0,AX^,"13,675",win
2010,iP,ROߑP,11/14(),17:04,R`,b,3,3,mcX^,"7,712",draw
2010,iP,ROߑP,11/14(),19:33,V,_,1,1,kdX,"19,152",draw
2010,iP,ROߑP,11/14(),19:33,f,L,2,0,,"15,402",win
2010,iP,RPߑP,11/20(y),14:02,_,,0,0,z[Y,"11,462",draw
2010,iP,RPߑP,11/20(y),14:03,Ya,f,0,2,,"40,071",lose
2010,iP,RPߑP,11/20(y),14:04,,,1,3,AX^,"17,050",lose
2010,iP,RPߑP,11/20(y),14:04,e,e,1,2,X^,"28,480",lose
2010,iP,RPߑP,11/20(y),14:04,Ó,É,0,1,,"12,650",lose
2010,iP,RPߑP,11/20(y),17:04,֓c,R`,0,0,}n,"10,118",draw
2010,iP,RPߑP,11/20(y),17:04,b,lFM,2,0,X^,"13,473",win
2010,iP,RPߑP,11/20(y),17:04,L,V,4,0,Lr,"11,961",win
2010,iP,RPߑP,11/20(y),19:34,s,{,0,2,,"6,904",lose
2010,iP,RQߑP,11/23(΁Ej),14:03,lFM,Ya,1,4,YX,"29,691",lose
2010,iP,RQߑP,11/23(΁Ej),14:04,,֓c,1,2,JV},"18,575",lose
2010,iP,RQߑP,11/23(΁Ej),14:04,,L,2,1,AEX^,"17,143",win
2010,iP,RQߑP,11/23(΁Ej),14:04,É,e,0,1,LcX,"33,655",lose
2010,iP,RQߑP,11/23(΁Ej),14:04,f,Ó,2,1,,"11,347",win
2010,iP,RQߑP,11/23(΁Ej),17:03,{,_,2,2,m`bj,"8,979",draw
2010,iP,RQߑP,11/23(΁Ej),17:03,e,b,1,2,X,"16,194",lose
2010,iP,RQߑP,11/23(΁Ej),17:03,V,,1,1,kdX,"24,928",draw
2010,iP,RQߑP,11/23(΁Ej),19:34,R`,s,1,0,mcX^,"8,582",win
2010,iP,RRߑP,11/27(y),14:04,e,Ya,1,1,X,"19,411",draw
2010,iP,RRߑP,11/27(y),14:04,֓c,É,1,2,}n,"13,278",lose
2010,iP,RRߑP,11/27(y),14:04,f,lFM,0,2,,"17,977",lose
2010,iP,RRߑP,11/27(y),14:04,_,,1,0,z[Y,"14,061",win
2010,iP,RRߑP,11/27(y),17:32,e,R`,1,1,X^,"26,243",draw
2010,iP,RRߑP,11/27(y),17:33,{,V,2,2,m`bj,"10,967",draw
2010,iP,RRߑP,11/27(y),17:34,L,,1,0,Lr,"16,448",win
2010,iP,RRߑQ,11/28(),13:03,,s,2,1,JV},"19,588",win
2010,iP,RRߑQ,11/28(),13:03,Ó,b,0,4,,"8,775",lose
2010,iP,RSߑP,12/04(y),15:32,s,e,2,0,,"12,697",win
2010,iP,RSߑP,12/04(y),15:33,lFM,{,0,2,YX,"28,071",lose
2010,iP,RSߑP,12/04(y),15:33,,f,0,3,AEX^,"19,088",lose
2010,iP,RSߑP,12/04(y),15:34,,e,1,1,AX^,"18,989",draw
2010,iP,RSߑP,12/04(y),15:34,R`,,1,1,mcX^,"13,647",draw
2010,iP,RSߑP,12/04(y),15:34,Ya,_,0,4,,"45,941",lose
2010,iP,RSߑP,12/04(y),15:34,V,Ó,3,1,kdX,"27,389",win
2010,iP,RSߑP,12/04(y),15:34,É,L,2,1,LcX,"31,941",win
2010,iP,RSߑP,12/04(y),15:37,b,֓c,6,2,X^,"15,011",win
2011,iP,PߑP,03/05(y),14:02,É,lFM,1,1,LcX,"27,153",draw
2011,iP,PߑP,03/05(y),14:02,f,b,2,1,,"20,055",win
2011,iP,PߑP,03/05(y),14:03,b{,֓c,0,1,X^,"15,040",lose
2011,iP,PߑP,03/05(y),14:04,L,,0,0,Lr,"18,709",draw
2011,iP,PߑP,03/05(y),14:04,,V,0,3,xX^,"10,254",lose
2011,iP,PߑP,03/05(y),15:04,e,R`,2,0,X,"18,673",win
2011,iP,PߑP,03/05(y),19:04,,,3,0,,"10,390",win
2011,iP,PߑQ,03/06(),13:05,_,Ya,1,0,z[Y,"19,913",win
2011,iP,PߑQ,03/06(),15:03,,{,3,3,JV},"23,262",draw
2011,iP,VߑP,04/23(y),14:04,{,,0,1,m`bj,"8,441",lose
2011,iP,VߑP,04/23(y),14:04,b{,_,1,1,X^,"6,893",draw
2011,iP,VߑP,04/23(y),14:04,,,1,0,AEX^,"11,025",win
2011,iP,VߑP,04/23(y),14:05,,lFM,0,3,,"15,688",lose
2011,iP,VߑP,04/23(y),14:05,e,,1,2,X,"15,030",lose
2011,iP,VߑQ,04/24(),13:03,V,֓c,1,1,kdX,"33,662",draw
2011,iP,VߑQ,04/24(),13:04,R`,b,0,0,mcX^,"8,551",draw
2011,iP,VߑQ,04/24(),13:05,L,f,4,1,Lr,"18,788",win
2011,iP,VߑQ,04/24(),14:04,Ya,É,3,0,,"42,767",win
2011,iP,WߑP,04/29(Ej),13:03,,,1,2,xX^,"12,147",lose
2011,iP,WߑP,04/29(Ej),14:03,lFM,,1,1,YX,"33,436",draw
2011,iP,WߑP,04/29(Ej),14:04,,Ya,1,0,AX^,"18,456",win
2011,iP,WߑP,04/29(Ej),14:05,,b{,2,1,,"10,319",win
2011,iP,WߑP,04/29(Ej),14:05,_,{,0,1,z[Y,"10,502",lose
2011,iP,WߑP,04/29(Ej),15:04,b,V,1,1,X^,"9,014",draw
2011,iP,WߑP,04/29(Ej),18:03,f,R`,3,2,,"17,052",win
2011,iP,WߑP,04/29(Ej),19:04,֓c,L,1,1,}n,"11,319",draw
2011,iP,WߑP,04/29(Ej),19:04,É,e,2,0,䗤,"14,556",win
2011,iP,XߑP,05/03(΁Ej),14:03,,,1,0,AX^,"15,859",win
2011,iP,XߑP,05/03(΁Ej),14:03,R`,,2,1,mcX^,"10,414",win
2011,iP,XߑP,05/03(΁Ej),14:03,Ya,lFM,0,2,,"47,056",lose
2011,iP,XߑP,05/03(΁Ej),14:03,b{,{,1,1,X^,"12,056",draw
2011,iP,XߑP,05/03(΁Ej),14:03,V,_,1,0,kdX,"30,610",win
2011,iP,XߑP,05/03(΁Ej),14:05,e,֓c,1,0,X,"18,449",win
2011,iP,XߑP,05/03(΁Ej),15:04,,L,0,1,AEX^,"18,847",lose
2011,iP,POߑP,05/07(y),13:04,L,b{,1,1,Lr,"12,481",draw
2011,iP,POߑP,05/07(y),14:03,lFM,,3,2,YX,"13,520",win
2011,iP,POߑP,05/07(y),14:03,֓c,R`,4,0,}n,"8,960",win
2011,iP,POߑP,05/07(y),14:03,_,e,1,0,z[Y,"10,364",win
2011,iP,POߑP,05/07(y),15:04,É,,1,1,䗤,"11,559",draw
2011,iP,POߑP,05/07(y),15:05,{,V,0,0,m`bj,"9,094",draw
2011,iP,POߑP,05/07(y),16:05,,Ya,3,1,,"24,222",win
2011,iP,POߑP,05/07(y),19:03,b,,1,1,X^,"11,576",draw
2011,iP,PPߑP,05/14(y),13:04,,֓c,3,3,AX^,"11,544",draw
2011,iP,PPߑP,05/14(y),13:04,R`,{,0,1,mcX^,"7,435",lose
2011,iP,PPߑP,05/14(y),14:04,V,,0,3,kdX,"25,312",lose
2011,iP,PPߑP,05/14(y),14:04,,_,1,5,AEX^,"14,350",lose
2011,iP,PPߑP,05/14(y),15:04,L,lFM,3,2,Lr,"17,004",win
2011,iP,PPߑQ,05/15(),13:03,b{,É,3,1,X^,"14,075",win
2011,iP,PPߑQ,05/15(),15:03,,f,2,3,xX^,"18,403",lose
2011,iP,PPߑQ,05/15(),15:05,Ya,b,1,1,,"31,571",draw
2011,iP,PPߑQ,05/15(),16:03,e,,3,2,X,"19,643",win
2011,iP,PQߑP,05/20(),19:04,b,e,3,3,X^,"7,712",draw
2011,iP,PQߑQ,05/21(y),14:03,֓c,,4,1,}n,"12,372",win
2011,iP,PQߑQ,05/21(y),15:05,lFM,b{,4,0,YX,"17,751",win
2011,iP,PQߑQ,05/21(y),16:03,Ya,,2,2,,"37,521",draw
2011,iP,PQߑQ,05/21(y),16:03,É,,0,0,LcX,"21,506",draw
2011,iP,PQߑQ,05/21(y),19:04,f,V,2,1,,"15,978",win
2011,iP,PQߑQ,05/21(y),19:04,_,L,1,0,z[Y,"15,520",win
2011,iP,PQߑR,05/22(),13:04,R`,,0,1,mcX^,"18,008",lose
2011,iP,PQߑR,05/22(),16:03,{,,1,4,m`bj,"6,668",lose
2011,iP,PRߑP,05/28(y),13:03,,lFM,1,1,AX^,"15,181",draw
2011,iP,PRߑP,05/28(y),14:02,Ya,V,1,1,,"25,272",draw
2011,iP,PRߑP,05/28(y),14:03,,_,3,0,,"6,855",win
2011,iP,PRߑP,05/28(y),14:04,,֓c,0,0,AEX^,"12,678",draw
2011,iP,PRߑP,05/28(y),16:03,b{,R`,1,1,X^,"7,582",draw
2011,iP,PRߑQ,05/29(),13:05,b,{,0,1,X^,"5,351",lose
2011,iP,PRߑQ,05/29(),16:03,e,f,2,1,X,"14,056",win
2011,iP,PRߑQ,05/29(),16:03,É,,5,2,LcX,"11,132",win
2011,iP,PRߑQ,05/29(),19:04,L,,2,1,Lr,"8,049",win
2011,iP,PSߑP,06/11(y),13:03,V,L,0,1,kdX,"22,196",lose
2011,iP,PSߑP,06/11(y),14:01,lFM,,0,2,YX,"17,597",lose
2011,iP,PSߑP,06/11(y),14:03,֓c,É,0,1,}n,"12,067",lose
2011,iP,PSߑP,06/11(y),14:03,,b,0,3,xX^,"6,202",lose
2011,iP,PSߑP,06/11(y),16:04,R`,,0,2,mcX^,"11,012",lose
2011,iP,PSߑP,06/11(y),17:05,e,b{,2,2,X,"13,111",draw
2011,iP,PSߑP,06/11(y),17:05,_,,1,1,z[Y,"13,034",draw
2011,iP,PSߑP,06/11(y),19:03,{,Ya,2,2,m`bj,"12,221",draw
2011,iP,PSߑP,06/11(y),19:04,f,,2,2,,"16,315",draw
2011,iP,PTߑP,06/15(),14:03,,f,2,1,AX^,"14,519",win
2011,iP,PTߑP,06/15(),19:03,,b{,0,1,JV},"7,810",lose
2011,iP,PTߑP,06/15(),19:03,{,e,0,5,m`bj,"7,003",lose
2011,iP,PTߑP,06/15(),19:04,,R`,2,1,AEX^,"10,745",win
2011,iP,PTߑP,06/15(),19:04,É,V,4,0,䗤,"6,793",win
2011,iP,PTߑP,06/15(),19:04,b,lFM,0,1,X^,"9,098",lose
2011,iP,PTߑP,06/15(),19:04,_,,0,0,z[Y,"6,151",draw
2011,iP,PTߑP,06/15(),19:04,L,Ya,0,0,Lr,"13,707",draw
2011,iP,PTߑP,06/15(),19:05,,֓c,0,3,,"7,803",lose
2011,iP,PUߑP,06/18(y),18:03,Ya,,1,3,,"31,921",lose
2011,iP,PUߑP,06/18(y),18:03,f,lFM,2,1,,"18,001",win
2011,iP,PUߑP,06/18(y),18:35,b{,b,0,2,X^,"8,402",lose
2011,iP,PUߑP,06/18(y),19:03,V,,1,1,kdX,"23,602",draw
2011,iP,PUߑP,06/18(y),19:03,É,{,2,2,䗤,"8,345",draw
2011,iP,PUߑP,06/18(y),19:03,,,0,2,xX^,"6,087",lose
2011,iP,PUߑP,06/18(y),19:04,R`,_,2,0,mcX^,"6,587",win
2011,iP,PUߑP,06/18(y),19:04,,֓c,2,0,JV},"11,830",win
2011,iP,PUߑP,06/18(y),19:05,e,L,2,0,X,"13,605",win
2011,iP,PVߑP,06/22(),14:03,,b{,4,0,AX^,"11,356",win
2011,iP,PVߑP,06/22(),19:03,,e,2,3,AEX^,"12,217",lose
2011,iP,PVߑP,06/22(),19:03,֓c,{,1,2,}n,"6,386",lose
2011,iP,PVߑP,06/22(),19:04,Ya,,3,0,,"20,240",win
2011,iP,PVߑP,06/22(),19:04,b,É,2,3,X^,"7,875",lose
2011,iP,PVߑP,06/22(),19:04,_,,0,1,z[Y,"9,705",lose
2011,iP,PVߑP,06/22(),19:04,L,R`,3,2,Lr,"7,593",win
2011,iP,PVߑP,06/22(),19:05,,f,2,4,,"9,882",lose
2011,iP,PVߑP,06/22(),19:33,lFM,V,1,0,jbp,"8,019",win
2011,iP,PWߑP,06/25(y),18:34,,e,2,2,JV},"17,409",draw
2011,iP,PWߑP,06/25(y),19:03,V,b,1,1,kdX,"24,947",draw
2011,iP,PWߑP,06/25(y),19:03,É,Ya,1,1,LcX,"28,515",draw
2011,iP,PWߑP,06/25(y),19:03,,֓c,1,2,xX^,"5,865",lose
2011,iP,PWߑP,06/25(y),19:04,b{,,1,4,X^,"10,450",lose
2011,iP,PWߑQ,06/26(),18:03,f,L,5,3,,"16,845",win
2011,iP,PWߑQ,06/26(),18:34,,,1,0,AEX^,"13,081",win
2011,iP,PWߑQ,06/26(),19:04,R`,lFM,0,2,mcX^,"7,667",lose
2011,iP,PWߑQ,06/26(),19:05,{,_,1,1,m`bj,"5,627",draw
2011,iP,QߑP,07/02(y),14:04,,É,1,1,AX^,"18,533",draw
2011,iP,QߑP,07/02(y),18:03,Ya,f,1,1,,"42,331",draw
2011,iP,QߑP,07/02(y),18:03,,b{,1,0,xX^,"6,585",win
2011,iP,QߑP,07/02(y),18:34,,,0,0,AEX^,"15,528",draw
2011,iP,QߑP,07/02(y),19:03,V,R`,2,0,kdX,"23,408",win
2011,iP,QߑP,07/02(y),19:05,b,,5,0,,"13,741",win
2011,iP,QߑQ,07/03(),18:05,lFM,e,2,1,YX,"29,980",win
2011,iP,QߑQ,07/03(),19:03,{,L,0,1,m`bj,"8,526",lose
2011,iP,QߑQ,07/03(),19:03,֓c,_,3,0,}n,"7,706",win
2011,iP,RߑP,07/06(),19:04,R`,Ya,0,0,mcX^,"8,303",draw
2011,iP,SߑP,07/06(),19:03,V,b{,1,2,kdX,"13,644",lose
2011,iP,RߑQ,07/09(y),18:33,b{,,1,2,X^,"12,114",lose
2011,iP,RߑQ,07/09(y),19:03,֓c,lFM,1,2,}n,"11,226",lose
2011,iP,RߑQ,07/09(y),19:03,_,É,0,1,z[Y,"17,568",lose
2011,iP,RߑQ,07/09(y),19:04,e,,3,2,X,"16,686",win
2011,iP,RߑQ,07/09(y),19:05,,,1,0,,"10,324",win
2011,iP,RߑR,07/10(),18:35,,V,1,2,JV},"10,602",lose
2011,iP,RߑR,07/10(),19:03,{,f,2,3,m`bj,"11,982",lose
2011,iP,RߑR,07/10(),19:04,L,b,1,3,Lr,"11,615",lose
2011,iP,SߑQ,07/13(),19:00,,{,1,0,xX^,"4,028",win
2011,iP,SߑQ,07/13(),19:03,,,0,0,AX^,"11,585",draw
2011,iP,SߑQ,07/13(),19:03,Ya,e,2,0,,"24,293",win
2011,iP,SߑQ,07/13(),19:03,,L,3,1,,"7,887",win
2011,iP,SߑQ,07/13(),19:03,É,,2,1,LcX,"12,845",win
2011,iP,SߑQ,07/13(),19:03,f,_,3,2,,"15,244",win
2011,iP,SߑQ,07/13(),19:04,b,֓c,2,3,X^,"8,076",lose
2011,iP,SߑQ,07/13(),19:05,lFM,R`,2,1,jbp,"7,104",win
2011,iP,TߑP,07/16(y),18:34,b{,f,4,3,X^,"14,126",win
2011,iP,TߑP,07/16(y),18:35,,V,2,1,AEX^,"13,599",win
2011,iP,TߑP,07/16(y),19:04,_,b,4,1,z[Y,"14,961",win
2011,iP,TߑP,07/16(y),19:05,e,,3,2,X,"19,619",win
2011,iP,TߑQ,07/17(),18:34,,,3,0,JV},"17,120",win
2011,iP,TߑQ,07/17(),19:03,{,lFM,1,1,m`bj,"11,037",draw
2011,iP,TߑQ,07/17(),19:03,֓c,Ya,1,1,GRp,"18,623",draw
2011,iP,TߑQ,07/17(),19:04,R`,É,0,2,mcX^,"11,757",lose
2011,iP,TߑR,07/18(Ej),18:04,L,,0,0,Lr,"9,864",draw
2011,iP,UߑP,07/23(y),18:04,Ya,b{,2,0,,"31,369",win
2011,iP,UߑP,07/23(y),19:00,,{,0,1,AX^,"12,018",lose
2011,iP,UߑP,07/23(y),19:03,V,e,1,0,kdX,"25,420",win
2011,iP,UߑP,07/23(y),19:03,É,L,3,2,䗤,"11,904",win
2011,iP,UߑP,07/23(y),19:03,f,֓c,2,2,,"11,364",draw
2011,iP,UߑP,07/23(y),19:04,b,,4,0,,"11,254",win
2011,iP,UߑP,07/23(y),19:05,,,2,1,,"30,807",win
2011,iP,UߑP,07/23(y),19:05,lFM,_,1,0,YX,"15,402",win
2011,iP,UߑQ,07/24(),19:04,,R`,0,2,xX^,"7,004",lose
2011,iP,POߑQ,07/27(),19:04,,f,1,4,JV},"13,298",lose
2011,iP,PXߑP,07/30(y),19:03,e,Ya,0,1,X,"20,047",lose
2011,iP,PXߑP,07/30(y),19:03,lFM,{,2,1,YX,"21,214",win
2011,iP,PXߑP,07/30(y),19:04,R`,V,0,1,mcX^,"10,461",lose
2011,iP,PXߑP,07/30(y),19:04,֓c,f,1,2,}n,"13,515",lose
2011,iP,PXߑP,07/30(y),19:04,L,,4,0,Lr,"16,816",win
2011,iP,PXߑP,07/30(y),19:07,_,b{,4,2,z[Y,"9,231",win
2011,iP,PXߑQ,07/31(),18:04,b,,1,3,,"28,039",lose
2011,iP,PXߑQ,07/31(),19:04,,,0,0,AX^,"15,315",draw
2011,iP,PXߑQ,07/31(),19:04,,É,0,3,xX^,"19,421",lose
2011,iP,QOߑP,08/06(y),18:34,,R`,3,1,JV},"13,139",win
2011,iP,QOߑP,08/06(y),18:35,b{,L,0,2,X^,"11,193",lose
2011,iP,QOߑP,08/06(y),19:03,V,,4,0,kdX,"37,830",win
2011,iP,QOߑP,08/06(y),19:04,Ya,_,2,3,,"32,231",lose
2011,iP,QOߑP,08/06(y),19:04,,lFM,2,0,,"11,051",win
2011,iP,QOߑP,08/06(y),19:04,e,b,1,2,X,"15,781",lose
2011,iP,QOߑQ,08/07(),18:03,f,,2,0,,"13,389",win
2011,iP,QOߑQ,08/07(),19:03,{,,2,2,m`bj,"9,979",draw
2011,iP,QOߑQ,08/07(),19:03,É,֓c,2,1,䗤,"14,230",win
2011,iP,QPߑP,08/13(y),18:34,,{,3,0,AEX^,"16,768",win
2011,iP,QPߑP,08/13(y),19:03,L,É,0,3,LX,"7,099",lose
2011,iP,QPߑP,08/13(y),19:04,,,0,1,AX^,"19,224",lose
2011,iP,QPߑP,08/13(y),19:04,R`,b{,3,1,mcX^,"7,940",win
2011,iP,QPߑP,08/13(y),19:04,b,f,1,1,,"37,172",draw
2011,iP,QPߑP,08/13(y),19:04,_,lFM,2,0,z[Y,"13,930",win
2011,iP,QPߑQ,08/14(),18:03,V,Ya,2,3,kdX,"37,375",lose
2011,iP,QPߑQ,08/14(),19:03,֓c,,6,1,}n,"12,472",win
2011,iP,QPߑQ,08/14(),19:03,,e,2,1,xX^,"9,581",win
2011,iP,XߑQ,08/17(),19:03,f,É,2,2,,"15,951",draw
2011,iP,XߑQ,08/17(),19:04,,b,2,1,JV},"11,251",win
2011,iP,QQߑP,08/20(y),18:03,f,e,6,3,,"12,119",win
2011,iP,QQߑP,08/20(y),18:04,b{,Ya,3,2,,"21,589",win
2011,iP,QQߑP,08/20(y),18:33,,L,2,0,JV},"16,237",win
2011,iP,QQߑP,08/20(y),18:34,,b,3,3,AEX^,"12,823",draw
2011,iP,QQߑP,08/20(y),19:00,{,R`,1,1,m`bj,"7,730",draw
2011,iP,QQߑP,08/20(y),19:00,,,3,2,,"8,470",win
2011,iP,QQߑP,08/20(y),19:04,lFM,֓c,1,0,YX,"24,518",win
2011,iP,QQߑP,08/20(y),19:04,É,,0,1,䗤,"13,365",lose
2011,iP,QQߑP,08/20(y),19:04,_,V,2,1,z[Y,"11,340",win
2011,iP,QRߑP,08/24(),19:03,e,É,1,2,X,"19,754",lose
2011,iP,QRߑP,08/24(),19:03,V,{,0,0,kdX,"18,175",draw
2011,iP,QRߑP,08/24(),19:03,֓c,,1,1,}n,"8,693",draw
2011,iP,QRߑP,08/24(),19:03,,_,2,2,xX^,"6,119",draw
2011,iP,QRߑP,08/24(),19:04,R`,,1,1,mcX^,"6,942",draw
2011,iP,QRߑP,08/24(),19:04,Ya,L,1,1,,"27,947",draw
2011,iP,QRߑP,08/24(),19:04,b{,,1,1,X^,"11,959",draw
2011,iP,QRߑP,08/24(),19:04,f,,2,0,,"12,635",win
2011,iP,QRߑP,08/24(),19:33,lFM,b,2,1,jbp,"10,480",win
2011,iP,QSߑP,08/27(y),19:03,,R`,2,1,AX^,"19,087",win
2011,iP,QSߑP,08/27(y),19:03,{,֓c,2,0,m`bj,"10,013",win
2011,iP,QSߑP,08/27(y),19:04,,lFM,0,0,AEX^,"17,162",draw
2011,iP,QSߑP,08/27(y),19:04,L,V,1,0,Lr,"14,852",win
2011,iP,QSߑQ,08/28(),18:03,,e,3,2,,"10,703",win
2011,iP,QSߑQ,08/28(),18:04,b,Ya,3,1,,"26,248",win
2011,iP,QSߑQ,08/28(),18:04,_,f,0,4,z[Y,"17,177",lose
2011,iP,QSߑQ,08/28(),18:34,,,6,0,JV},"13,434",win
2011,iP,QSߑQ,08/28(),19:03,É,b{,4,1,LcX,"19,061",win
2011,iP,QTߑP,09/10(y),18:03,,lFM,0,1,xX^,"15,818",lose
2011,iP,QTߑP,09/10(y),18:04,b,L,5,4,,"20,160",win
2011,iP,QTߑP,09/10(y),19:03,V,,2,2,kdX,"25,819",draw
2011,iP,QTߑP,09/10(y),19:03,֓c,,2,1,GRp,"30,516",win
2011,iP,QTߑP,09/10(y),19:04,,É,2,1,,"10,914",win
2011,iP,QTߑP,09/10(y),19:04,f,{,2,0,,"15,106",win
2011,iP,QTߑQ,09/11(),18:03,Ya,R`,0,1,,"27,709",lose
2011,iP,QTߑQ,09/11(),18:04,b{,,1,2,X^,"11,176",lose
2011,iP,QTߑQ,09/11(),19:04,e,_,0,3,X,"14,918",lose
2011,iP,QUߑP,09/17(y),14:04,,Ya,1,0,GRp,"21,524",win
2011,iP,QUߑP,09/17(y),18:33,b{,,2,1,X^,"9,100",win
2011,iP,QUߑP,09/17(y),19:04,,V,2,0,AX^,"16,046",win
2011,iP,QUߑP,09/17(y),19:04,R`,e,0,1,mcX^,"10,333",lose
2011,iP,QUߑP,09/17(y),19:04,_,,0,4,_˃,"14,253",lose
2011,iP,QUߑP,09/17(y),19:04,L,֓c,3,1,Lr,"11,894",win
2011,iP,QUߑQ,09/18(),18:03,lFM,f,1,1,YX,"37,725",draw
2011,iP,QUߑQ,09/18(),18:34,,É,1,1,JV},"22,258",draw
2011,iP,QUߑQ,09/18(),19:03,{,b,0,0,FJ,"9,781",draw
2011,iP,QVߑP,09/23(Ej),14:03,É,_,3,1,䗤,"15,987",win
2011,iP,QVߑP,09/23(Ej),18:04,b,R`,6,0,X^,"10,609",win
2011,iP,QVߑQ,09/24(y),15:04,lFM,,1,3,YX,"23,204",lose
2011,iP,QVߑQ,09/24(y),16:04,,Ya,0,0,JV},"25,061",draw
2011,iP,QVߑQ,09/24(y),18:03,f,b{,0,2,,"19,882",lose
2011,iP,QVߑQ,09/24(y),19:03,e,,1,1,X,"20,973",draw
2011,iP,QVߑQ,09/24(y),19:03,֓c,V,1,0,}n,"9,251",win
2011,iP,QVߑR,09/25(),15:04,,{,1,3,,"10,875",lose
2011,iP,QVߑR,09/25(),16:03,,L,2,1,xX^,"12,540",win
2011,iP,QWߑP,10/01(y),13:04,R`,֓c,1,1,mcX^,"7,475",draw
2011,iP,QWߑP,10/01(y),13:04,b{,e,0,1,X^,"11,377",lose
2011,iP,QWߑP,10/01(y),13:33,L,_,1,0,Lr,"12,706",win
2011,iP,QWߑP,10/01(y),15:03,V,lFM,4,2,kdX,"24,439",win
2011,iP,QWߑP,10/01(y),16:03,{,,0,2,m`bj,"7,214",lose
2011,iP,QWߑQ,10/02(),14:04,,,0,1,JV},"21,466",lose
2011,iP,QWߑQ,10/02(),15:04,,b,2,1,AX^,"16,407",win
2011,iP,QWߑQ,10/02(),15:04,,É,2,0,AEX^,"20,181",win
2011,iP,QWߑQ,10/02(),17:04,f,Ya,1,0,,"20,053",win
2011,iP,QXߑP,10/15(y),13:04,b,b{,0,4,X^,"7,501",lose
2011,iP,QXߑP,10/15(y),14:03,֓c,,1,2,}n,"8,313",lose
2011,iP,QXߑP,10/15(y),15:04,lFM,L,1,1,YX,"20,174",draw
2011,iP,QXߑP,10/15(y),16:03,Ya,{,0,1,,"34,654",lose
2011,iP,QXߑP,10/15(y),16:03,,,0,3,xX^,"7,191",lose
2011,iP,QXߑP,10/15(y),16:04,É,f,4,1,䗤,"17,481",win
2011,iP,QXߑP,10/15(y),16:04,_,,1,1,z[Y,"12,706",draw
2011,iP,QXߑQ,10/16(),14:04,,R`,1,0,,"10,361",win
2011,iP,QXߑQ,10/16(),15:04,e,V,1,2,X,"16,903",lose
2011,iP,ROߑP,10/22(y),14:03,,e,0,0,AX^,"15,224",draw
2011,iP,ROߑP,10/22(y),14:03,{,É,2,3,m`bj,"9,200",lose
2011,iP,ROߑP,10/22(y),14:04,R`,f,0,5,mcX^,"13,573",lose
2011,iP,ROߑP,10/22(y),14:04,lFM,Ya,1,2,YX,"27,527",lose
2011,iP,ROߑP,10/22(y),14:04,L,,1,3,Lr,"14,450",lose
2011,iP,ROߑP,10/22(y),17:04,,_,1,1,JV},"13,248",draw
2011,iP,ROߑQ,10/23(),13:05,,b{,3,0,AEX^,"19,832",win
2011,iP,ROߑQ,10/23(),14:03,V,,3,1,kdX,"27,107",win
2011,iP,ROߑQ,10/23(),14:03,֓c,b,0,4,}n,"9,513",lose
2011,iP,RPߑP,11/03(؁Ej),14:03,,V,4,0,,"10,623",win
2011,iP,RPߑP,11/03(؁Ej),14:03,É,b,3,1,LcX,"23,677",win
2011,iP,RPߑP,11/03(؁Ej),14:04,e,{,0,1,X,"17,556",lose
2011,iP,RPߑP,11/03(؁Ej),14:04,b{,lFM,1,2,X^,"15,315",lose
2011,iP,RPߑP,11/03(؁Ej),14:04,f,,1,0,,"20,991",win
2011,iP,RPߑP,11/03(؁Ej),17:03,,L,0,0,AX^,"17,215",draw
2011,iP,RPߑP,11/03(؁Ej),17:03,Ya,֓c,0,3,,"34,263",lose
2011,iP,RPߑP,11/03(؁Ej),17:03,,,2,2,xX^,"12,632",draw
2011,iP,RPߑP,11/03(؁Ej),17:04,_,R`,2,0,z[Y,"11,420",win
2011,iP,RQߑP,11/19(y),14:03,Ya,,0,0,,"30,891",draw
2011,iP,RQߑP,11/19(y),14:04,lFM,É,1,2,YX,"23,023",lose
2011,iP,RQߑP,11/19(y),14:04,V,f,2,2,kdX,"22,990",draw
2011,iP,RQߑP,11/19(y),14:04,֓c,b{,2,1,}n,"7,244",win
2011,iP,RQߑP,11/19(y),14:04,L,e,2,3,Lr,"12,041",lose
2011,iP,RQߑP,11/19(y),17:03,{,,1,1,m`bj,"9,537",draw
2011,iP,RQߑP,11/19(y),17:04,R`,,0,5,mcX^,"5,053",lose
2011,iP,RQߑQ,11/20(),13:05,,,1,2,AEX^,"19,584",lose
2011,iP,RQߑQ,11/20(),16:04,b,_,0,3,X^,"16,030",lose
2011,iP,RRߑP,11/26(y),14:02,É,R`,3,0,LcX,"26,481",win
2011,iP,RRߑP,11/26(y),14:03,e,lFM,3,0,X,"19,972",win
2011,iP,RRߑP,11/26(y),14:04,,,3,0,JV},"21,542",win
2011,iP,RRߑP,11/26(y),14:04,,b,1,1,,"11,107",draw
2011,iP,RRߑP,11/26(y),14:04,f,,1,0,,"18,001",win
2011,iP,RRߑP,11/26(y),17:33,,Ya,1,2,xX^,"17,177",lose
2011,iP,RRߑP,11/26(y),17:34,L,{,4,2,Lr,"16,779",win
2011,iP,RRߑQ,11/27(),13:03,b{,V,3,0,X^,"13,361",win
2011,iP,RRߑQ,11/27(),13:04,_,֓c,3,1,z[Y,"17,187",win
2011,iP,RSߑP,12/03(y),15:31,V,É,0,1,kdX,"26,300",lose
2011,iP,RSߑP,12/03(y),15:33,{,b{,3,1,m`bj,"10,628",win
2011,iP,RSߑP,12/03(y),15:33,lFM,,1,1,YX,"26,973",draw
2011,iP,RSߑP,12/03(y),15:33,,f,1,3,AEX^,"18,670",lose
2011,iP,RSߑP,12/03(y),15:34,R`,L,1,3,mcX^,"7,016",lose
2011,iP,RSߑP,12/03(y),15:34,֓c,e,2,1,}n,"12,349",win
2011,iP,RSߑP,12/03(y),15:34,b,,7,1,X^,"11,009",win
2011,iP,RSߑP,12/03(y),15:35,Ya,,1,3,,"54,441",lose
2011,iP,RSߑP,12/03(y),15:36,,_,2,0,AX^,"18,575",win
2012,iP,PߑP,03/10(y),14:04,Dy,֓c,0,0,Dyh,"25,353",draw
2012,iP,PߑP,03/10(y),14:04,,,1,0,AX^,"18,250",win
2012,iP,PߑP,03/10(y),14:04,É,,1,0,LcX,"24,316",win
2012,iP,PߑP,03/10(y),14:04,f,_,2,3,,"17,066",lose
2012,iP,PߑP,03/10(y),14:05,,b,0,0,xAX^,"11,283",draw
2012,iP,PߑP,03/10(y),14:06,L,Ya,1,0,Lr,"29,603",win
2012,iP,PߑP,03/10(y),17:05,e,V,1,0,X,"18,920",win
2012,iP,PߑP,03/10(y),19:04,{,e,0,1,m`bj,"11,437",lose
2012,iP,PߑQ,03/11(),14:04,,lFM,3,3,,"13,082",draw
2012,iP,QߑP,03/17(y),14:03,lFM,,0,2,YX,"19,488",lose
2012,iP,QߑP,03/17(y),14:03,V,{,1,2,kdX,"26,294",lose
2012,iP,QߑP,03/17(y),14:04,,e,0,1,JV},"19,010",lose
2012,iP,QߑP,03/17(y),14:04,Ya,,1,0,,"41,069",win
2012,iP,QߑP,03/17(y),14:04,b,f,2,1,,"30,764",win
2012,iP,QߑP,03/17(y),15:04,,L,2,1,AEX^,"13,231",win
2012,iP,QߑP,03/17(y),17:04,֓c,,2,1,}n,"10,653",win
2012,iP,QߑP,03/17(y),17:06,_,Dy,2,1,z[Y,"14,036",win
2012,iP,QߑP,03/17(y),19:04,e,É,3,2,X^,"21,757",win
2012,iP,RߑP,03/24(y),13:03,,{,4,1,AX^,"11,831",win
2012,iP,RߑP,03/24(y),13:04,L,,2,0,Lr,"14,349",win
2012,iP,RߑP,03/24(y),14:04,e,b,0,1,X,"14,777",lose
2012,iP,RߑP,03/24(y),14:04,_,e,0,2,z[Y,"11,839",lose
2012,iP,RߑP,03/24(y),15:04,,lFM,1,0,xAX^,"10,611",win
2012,iP,RߑP,03/24(y),16:03,Dy,Ya,1,2,Dyh,"20,192",lose
2012,iP,RߑP,03/24(y),19:04,,,2,1,,"12,209",win
2012,iP,RߑQ,03/25(),16:03,É,V,2,1,䗤,"10,603",win
2012,iP,RߑQ,03/25(),19:03,f,֓c,1,2,,"15,072",lose
2012,iP,SߑP,03/31(y),13:03,{,É,1,1,m`bj,"7,936",draw
2012,iP,SߑP,03/31(y),14:04,e,L,0,1,X^,"16,229",lose
2012,iP,SߑP,03/31(y),15:03,Ya,e,1,1,,"25,743",draw
2012,iP,SߑP,03/31(y),15:04,֓c,,1,0,}n,"9,042",win
2012,iP,SߑP,03/31(y),15:04,b,,1,2,X^,"9,598",lose
2012,iP,SߑP,03/31(y),16:03,V,f,1,1,kdX,"16,836",draw
2012,iP,SߑP,03/31(y),18:34,,Dy,1,0,AEX^,"14,216",win
2012,iP,SߑP,03/31(y),19:03,lFM,,0,0,YX,"22,126",draw
2012,iP,SߑP,03/31(y),19:04,,_,3,0,xAX^,"7,719",win
2012,iP,TߑP,04/07(y),14:03,,֓c,2,2,AX^,"13,147",draw
2012,iP,TߑP,04/07(y),14:03,É,,1,0,LcX,"13,824",win
2012,iP,TߑP,04/07(y),14:04,_,,0,1,z[Y,"12,709",lose
2012,iP,TߑP,04/07(y),14:05,Dy,,0,2,Dyh,"14,023",lose
2012,iP,TߑP,04/07(y),15:04,V,lFM,0,0,kdX,"15,854",draw
2012,iP,TߑP,04/07(y),16:03,{,b,0,3,m`bj,"8,180",lose
2012,iP,TߑP,04/07(y),17:04,,Ya,1,3,JV},"23,507",lose
2012,iP,TߑP,04/07(y),19:04,L,f,4,1,Lr,"12,318",win
2012,iP,TߑQ,04/08(),16:03,e,e,0,1,X,"20,996",lose
2012,iP,UߑP,04/14(y),13:03,,,2,3,,"12,318",lose
2012,iP,UߑP,04/14(y),13:04,e,,1,2,X^,"19,279",lose
2012,iP,UߑP,04/14(y),14:03,lFM,{,1,1,jbp,"7,101",draw
2012,iP,UߑP,04/14(y),15:04,Ya,_,2,0,,"25,894",win
2012,iP,UߑP,04/14(y),16:03,É,Dy,3,1,LcX,"12,896",win
2012,iP,UߑP,04/14(y),16:04,,֓c,3,2,AEX^,"16,334",win
2012,iP,UߑP,04/14(y),18:34,,L,1,0,xAX^,"9,735",win
2012,iP,UߑP,04/14(y),19:04,f,e,3,2,,"17,134",win
2012,iP,UߑP,04/14(y),19:04,b,V,0,1,X^,"9,154",lose
2012,iP,VߑP,04/21(y),14:03,֓c,lFM,1,0,}n,"11,965",win
2012,iP,VߑP,04/21(y),14:04,Dy,e,2,3,Dyh,"11,119",lose
2012,iP,VߑP,04/21(y),14:04,_,,3,1,z[Y,"10,859",win
2012,iP,VߑP,04/21(y),14:05,L,É,1,1,Lr,"11,123",draw
2012,iP,VߑP,04/21(y),15:03,,b,3,2,JV},"12,110",win
2012,iP,VߑP,04/21(y),17:05,,V,1,0,,"5,432",win
2012,iP,VߑP,04/21(y),18:33,{,Ya,2,0,m`bj,"12,709",win
2012,iP,VߑP,04/21(y),19:04,,e,4,0,AX^,"17,192",win
2012,iP,VߑQ,04/22(),19:03,f,,3,1,,"8,548",win
2012,iP,WߑP,04/28(y),13:03,É,Ya,1,2,䗤,"18,138",lose
2012,iP,WߑP,04/28(y),13:04,e,,0,1,X^,"22,405",lose
2012,iP,WߑP,04/28(y),14:04,,,1,1,,"10,351",draw
2012,iP,WߑP,04/28(y),15:03,e,L,1,4,X,"19,895",lose
2012,iP,WߑP,04/28(y),15:34,,f,5,0,JV},"17,583",win
2012,iP,WߑP,04/28(y),16:03,{,Dy,2,1,m`bj,"8,435",win
2012,iP,WߑP,04/28(y),16:03,lFM,_,3,1,YX,"21,054",win
2012,iP,WߑP,04/28(y),16:03,V,,0,1,kdX,"24,637",lose
2012,iP,WߑP,04/28(y),19:04,b,֓c,3,2,X^,"12,183",win
2012,iP,XߑP,05/03(؁Ej),14:03,Dy,b,1,0,Dy,"9,596",win
2012,iP,XߑP,05/03(؁Ej),14:04,_,{,3,0,z[Y,"11,672",win
2012,iP,XߑP,05/03(؁Ej),15:03,e,֓c,4,3,X,"15,671",win
2012,iP,XߑP,05/03(؁Ej),16:04,L,V,0,1,Lr,"17,826",lose
2012,iP,XߑP,05/03(؁Ej),16:04,,,1,1,xAX^,"18,113",draw
2012,iP,XߑP,05/03(؁Ej),19:01,,,3,0,AEX^,"18,393",win
2012,iP,XߑP,05/03(؁Ej),19:05,Ya,lFM,1,2,,"44,422",lose
2012,iP,POߑP,05/06(),13:03,lFM,Dy,2,1,YX,"24,183",win
2012,iP,POߑP,05/06(),13:04,,,0,1,AX^,"18,525",lose
2012,iP,POߑP,05/06(),13:05,b,_,1,2,X^,"16,446",lose
2012,iP,POߑP,05/06(),15:03,,L,2,5,,"12,875",lose
2012,iP,POߑP,05/06(),16:05,֓c,Ya,2,2,GRp,"22,193",draw
2012,iP,POߑP,05/06(),17:03,{,f,1,0,m`bj,"11,554",win
2012,iP,POߑP,05/06(),17:03,É,e,2,3,LcX,"20,512",lose
2012,iP,POߑP,05/06(),19:04,,,0,0,JV},"10,626",draw
2012,iP,POߑP,05/06(),19:04,V,e,0,2,kdX,"21,827",lose
2012,iP,PPߑP,05/12(y),13:04,Dy,e,0,1,Dyh,"10,816",lose
2012,iP,PPߑP,05/12(y),14:03,֓c,,3,0,}n,"13,555",win
2012,iP,PPߑP,05/12(y),14:04,,{,1,1,xAX^,"7,833",draw
2012,iP,PPߑP,05/12(y),15:03,e,,0,2,X,"16,054",lose
2012,iP,PPߑP,05/12(y),15:04,L,lFM,1,3,Lr,"12,073",lose
2012,iP,PPߑP,05/12(y),15:34,,b,1,1,AEX^,"15,891",draw
2012,iP,PPߑP,05/12(y),16:04,Ya,V,1,1,,"31,818",draw
2012,iP,PPߑP,05/12(y),18:34,_,É,0,1,z[Y,"14,825",lose
2012,iP,PPߑP,05/12(y),19:04,f,,1,1,,"15,253",draw
2012,iP,PQߑP,05/19(y),14:03,lFM,f,0,0,YX,"25,241",draw
2012,iP,PQߑP,05/19(y),14:04,L,_,3,2,Lr,"12,613",win
2012,iP,PQߑP,05/19(y),15:03,V,֓c,1,6,kdX,"21,920",lose
2012,iP,PQߑP,05/19(y),15:34,Ya,,1,0,,"35,877",win
2012,iP,PQߑP,05/19(y),16:03,{,e,0,2,m`bj,"9,304",lose
2012,iP,PQߑP,05/19(y),17:04,,Dy,7,0,JV},"13,915",win
2012,iP,PQߑP,05/19(y),18:33,,É,4,0,AX^,"16,317",win
2012,iP,PQߑP,05/19(y),19:04,b,,1,2,,"19,643",lose
2012,iP,PQߑQ,05/20(),15:04,e,,3,2,X^,"25,803",win
2012,iP,PRߑP,05/25(),19:03,f,,2,3,,"8,218",lose
2012,iP,PRߑP,05/25(),19:33,É,b,0,1,LcX,"16,657",lose
2012,iP,PRߑQ,05/26(y),14:04,Dy,L,1,3,Dy,"6,870",lose
2012,iP,PRߑQ,05/26(y),14:04,e,,3,2,X,"16,058",win
2012,iP,PRߑQ,05/26(y),14:04,,lFM,0,0,AEX^,"16,556",draw
2012,iP,PRߑQ,05/26(y),16:03,֓c,{,4,0,}n,"10,752",win
2012,iP,PRߑQ,05/26(y),17:04,_,,1,2,z[Y,"22,766",lose
2012,iP,PRߑQ,05/26(y),18:34,,V,2,0,,"12,931",win
2012,iP,PRߑQ,05/26(y),19:04,e,Ya,1,1,X^,"33,836",draw
2012,iP,PSߑP,06/16(y),13:33,,Dy,4,1,AX^,"13,554",win
2012,iP,PSߑP,06/16(y),18:34,,É,2,3,JV},"15,010",lose
2012,iP,PSߑP,06/16(y),19:03,{,,2,4,m`bj,"9,025",lose
2012,iP,PSߑP,06/16(y),19:03,V,,1,0,kdX,"23,797",win
2012,iP,PSߑP,06/16(y),19:03,f,Ya,1,2,,"14,977",lose
2012,iP,PSߑP,06/16(y),19:04,lFM,e,1,0,YX,"23,273",win
2012,iP,PSߑP,06/16(y),19:04,b,L,1,4,X^,"11,538",lose
2012,iP,PSߑP,06/16(y),19:04,,e,0,1,xAX^,"9,603",lose
2012,iP,PSߑP,06/16(y),19:05,֓c,_,1,3,}n,"10,612",lose
2012,iP,PTߑP,06/23(y),14:03,Dy,f,0,4,Dyh,"14,759",lose
2012,iP,PTߑP,06/23(y),18:04,e,b,2,0,X^,"22,685",win
2012,iP,PTߑP,06/23(y),18:04,,,1,1,AEX^,"17,696",draw
2012,iP,PTߑP,06/23(y),18:35,,,1,1,,"13,987",draw
2012,iP,PTߑP,06/23(y),18:35,L,{,0,0,Lr,"15,304",draw
2012,iP,PTߑP,06/23(y),19:03,É,֓c,2,0,䗤,"16,862",win
2012,iP,PTߑP,06/23(y),19:04,Ya,,0,0,,"39,545",draw
2012,iP,PTߑP,06/23(y),19:04,e,lFM,0,0,X,"20,590",draw
2012,iP,PTߑP,06/23(y),19:04,_,V,1,0,z[Y,"16,727",win
2012,iP,XߑQ,06/27(),19:03,f,É,2,2,,"10,840",draw
2012,iP,XߑQ,06/27(),19:04,e,,0,1,,"25,813",lose
2012,iP,PUߑP,06/30(y),18:03,lFM,É,1,1,YX,"26,133",draw
2012,iP,PUߑP,06/30(y),18:34,,L,2,2,AX^,"18,722",draw
2012,iP,PUߑP,06/30(y),19:03,{,,1,0,m`bj,"12,147",win
2012,iP,PUߑP,06/30(y),19:03,V,,1,1,kdX,"35,506",draw
2012,iP,PUߑP,06/30(y),19:03,֓c,e,3,1,}n,"13,923",win
2012,iP,PUߑP,06/30(y),19:03,b,Ya,1,1,,"36,723",draw
2012,iP,PUߑP,06/30(y),19:03,,Dy,1,0,xAX^,"10,345",win
2012,iP,PUߑP,06/30(y),19:04,e,_,0,1,X,"18,056",lose
2012,iP,PUߑP,06/30(y),19:04,f,,2,6,,"14,006",lose
2012,iP,PVߑP,07/07(y),14:03,Dy,V,0,1,Dy,"7,673",lose
2012,iP,PVߑP,07/07(y),18:03,Ya,,4,3,,"30,047",win
2012,iP,PVߑP,07/07(y),18:04,,e,0,0,AEX^,"14,133",draw
2012,iP,PVߑP,07/07(y),18:34,,{,1,0,JV},"12,787",win
2012,iP,PVߑP,07/07(y),18:35,e,f,3,2,X^,"24,633",win
2012,iP,PVߑP,07/07(y),19:03,lFM,b,1,1,jbp,"9,751",draw
2012,iP,PVߑP,07/07(y),19:04,,É,1,2,,"25,459",lose
2012,iP,PVߑP,07/07(y),19:05,_,,0,1,z[Y,"15,062",lose
2012,iP,PVߑP,07/07(y),19:05,L,֓c,2,0,Lr,"12,769",win
2012,iP,PWߑP,07/14(y),18:03,,,3,5,AEX^,"14,092",lose
2012,iP,PWߑP,07/14(y),19:03,{,_,2,2,m`bj,"9,635",draw
2012,iP,PWߑP,07/14(y),19:03,V,Ya,0,0,kdX,"33,998",draw
2012,iP,PWߑP,07/14(y),19:03,É,,0,0,LcX,"24,397",draw
2012,iP,PWߑP,07/14(y),19:03,f,lFM,1,2,,"14,966",lose
2012,iP,PWߑP,07/14(y),19:04,b,,0,1,,"26,534",lose
2012,iP,PWߑP,07/14(y),19:04,L,e,3,0,Lr,"11,585",win
2012,iP,PWߑP,07/14(y),19:04,,e,1,0,xAX^,"13,891",win
2012,iP,PWߑP,07/14(y),19:05,֓c,Dy,4,1,}n,"11,367",win
2012,iP,PXߑP,07/28(y),16:04,Dy,É,2,1,Dy,"8,360",win
2012,iP,PXߑP,07/28(y),18:03,Ya,֓c,2,0,,"28,142",win
2012,iP,PXߑP,07/28(y),18:34,,,1,1,AX^,"14,611",draw
2012,iP,PXߑP,07/28(y),18:34,,L,2,2,JV},"15,496",draw
2012,iP,PXߑP,07/28(y),18:34,e,V,0,2,X^,"23,430",lose
2012,iP,PXߑP,07/28(y),19:03,e,{,4,1,X,"14,716",win
2012,iP,PXߑP,07/28(y),19:04,lFM,,3,0,YX,"24,187",win
2012,iP,PXߑP,07/28(y),19:04,_,f,1,1,z[Y,"17,471",draw
2012,iP,PXߑP,07/28(y),19:05,,b,4,1,,"11,844",win
2012,iP,QOߑP,08/04(y),18:04,Ya,e,2,2,,"34,267",draw
2012,iP,QOߑP,08/04(y),18:34,,lFM,2,2,AX^,"17,935",draw
2012,iP,QOߑP,08/04(y),19:03,V,,1,1,kdX,"25,050",draw
2012,iP,QOߑP,08/04(y),19:03,É,_,5,1,䗤,"10,034",win
2012,iP,QOߑP,08/04(y),19:03,f,{,3,1,,"12,964",win
2012,iP,QOߑP,08/04(y),19:04,֓c,e,2,2,}n,"12,972",draw
2012,iP,QOߑP,08/04(y),19:04,b,Dy,4,0,X^,"8,226",win
2012,iP,QOߑP,08/04(y),19:04,L,,1,2,Lr,"16,448",lose
2012,iP,QOߑP,08/04(y),19:04,,,2,0,xAX^,"12,844",win
2012,iP,QPߑP,08/11(y),14:03,Dy,,2,1,Dyh,"11,945",win
2012,iP,QPߑP,08/11(y),18:03,,É,3,2,AEX^,"16,877",win
2012,iP,QPߑP,08/11(y),18:34,,֓c,2,1,JV},"14,649",win
2012,iP,QPߑP,08/11(y),19:03,{,L,1,2,m`bj,"11,057",lose
2012,iP,QPߑP,08/11(y),19:03,e,,1,2,X,"12,509",lose
2012,iP,QPߑP,08/11(y),19:03,lFM,V,3,2,jbp,"11,992",win
2012,iP,QPߑP,08/11(y),19:03,f,b,2,2,,"18,578",draw
2012,iP,QPߑP,08/11(y),19:04,,e,1,1,,"13,478",draw
2012,iP,QPߑP,08/11(y),19:04,_,Ya,1,0,z[Y,"14,161",win
2012,iP,QQߑP,08/18(y),14:03,Dy,_,2,4,Dy,"8,117",lose
2012,iP,QQߑP,08/18(y),18:34,e,{,0,1,X^,"18,342",lose
2012,iP,QQߑP,08/18(y),19:03,lFM,e,2,2,YX,"33,584",draw
2012,iP,QQߑP,08/18(y),19:03,V,L,0,2,kdX,"32,014",lose
2012,iP,QQߑP,08/18(y),19:04,,,0,0,AX^,"17,715",draw
2012,iP,QQߑP,08/18(y),19:04,Ya,,2,1,,"44,131",win
2012,iP,QQߑP,08/18(y),19:04,֓c,b,4,3,}n,"10,939",win
2012,iP,QQߑP,08/18(y),19:04,É,f,0,5,LcX,"30,354",lose
2012,iP,QQߑP,08/18(y),19:05,,,0,1,xAX^,"11,933",lose
2012,iP,QRߑP,08/25(y),18:04,,Ya,0,2,GRp,"23,188",lose
2012,iP,QRߑP,08/25(y),18:34,,V,0,1,JV},"12,729",lose
2012,iP,QRߑP,08/25(y),19:03,{,,1,3,m`bj,"11,993",lose
2012,iP,QRߑP,08/25(y),19:04,,֓c,0,3,,"13,248",lose
2012,iP,QRߑP,08/25(y),19:04,e,É,0,1,X,"18,915",lose
2012,iP,QRߑP,08/25(y),19:04,f,Dy,7,2,,"15,056",win
2012,iP,QRߑP,08/25(y),19:04,_,,0,0,z[Y,"13,471",draw
2012,iP,QRߑP,08/25(y),19:05,b,lFM,2,0,X^,"14,336",win
2012,iP,QRߑP,08/25(y),19:05,L,e,0,1,Lr,"23,656",lose
2012,iP,QSߑP,09/01(y),14:03,Dy,,0,2,Dyh,"10,783",lose
2012,iP,QSߑP,09/01(y),18:03,Ya,{,1,1,,"39,814",draw
2012,iP,QSߑP,09/01(y),18:34,e,lFM,3,1,X^,"26,950",win
2012,iP,QSߑP,09/01(y),19:03,V,b,0,1,kdX,"24,601",lose
2012,iP,QSߑP,09/01(y),19:03,֓c,L,1,1,}n,"11,115",draw
2012,iP,QSߑP,09/01(y),19:03,É,,1,0,䗤,"14,193",win
2012,iP,QSߑP,09/01(y),19:04,,e,2,1,AX^,"17,159",win
2012,iP,QSߑP,09/01(y),19:04,,_,1,0,JV},"13,798",win
2012,iP,QSߑP,09/01(y),19:04,,f,4,1,xAX^,"19,729",win
2012,iP,QTߑP,09/15(y),18:33,{,,1,0,FJ,"10,012",win
2012,iP,QTߑP,09/15(y),19:03,e,,2,2,X,"18,088",draw
2012,iP,QTߑP,09/15(y),19:03,lFM,Ya,1,2,YX,"34,954",lose
2012,iP,QTߑP,09/15(y),19:03,f,V,1,1,,"17,381",draw
2012,iP,QTߑP,09/15(y),19:04,,Dy,3,1,,"10,445",win
2012,iP,QTߑP,09/15(y),19:04,,e,1,1,AEX^,"13,714",draw
2012,iP,QTߑP,09/15(y),19:04,_,֓c,1,2,_˃,"13,091",lose
2012,iP,QTߑP,09/15(y),19:04,L,,2,1,Lr,"25,352",win
2012,iP,QTߑP,09/15(y),19:15,b,É,0,2,,"24,544",lose
2012,iP,QUߑP,09/22(yEj),14:02,Dy,{,0,5,Dy,"7,474",lose
2012,iP,QUߑP,09/22(yEj),14:03,,lFM,1,2,JV},"16,845",lose
2012,iP,QUߑP,09/22(yEj),15:34,,_,2,1,AX^,"15,509",win
2012,iP,QUߑP,09/22(yEj),16:04,Ya,f,0,5,,"46,046",lose
2012,iP,QUߑP,09/22(yEj),16:04,֓c,V,0,0,}n,"11,118",draw
2012,iP,QUߑP,09/22(yEj),18:04,b,,3,2,X^,"15,302",win
2012,iP,QUߑP,09/22(yEj),19:04,e,e,1,2,X^,"34,822",lose
2012,iP,QUߑP,09/22(yEj),19:04,É,L,1,2,䗤,"15,870",lose
2012,iP,QUߑP,09/22(yEj),19:04,,,3,1,xAX^,"12,651",win
2012,iP,QVߑP,09/29(y),13:04,,,3,1,AEX^,"12,131",win
2012,iP,QVߑP,09/29(y),13:33,L,,4,1,Lr,"15,463",win
2012,iP,QVߑP,09/29(y),14:03,V,É,5,0,kdX,"22,079",win
2012,iP,QVߑP,09/29(y),14:03,_,b,2,3,z[Y,"12,868",lose
2012,iP,QVߑP,09/29(y),14:05,e,֓c,2,1,X^,"22,165",win
2012,iP,QVߑP,09/29(y),16:03,{,lFM,0,0,m`bj,"11,316",draw
2012,iP,QVߑP,09/29(y),16:03,f,,2,2,,"14,163",draw
2012,iP,QVߑP,09/29(y),19:04,,Ya,1,2,,"26,106",lose
2012,iP,QVߑP,09/29(y),19:04,e,Dy,1,0,X,"20,909",win
2012,iP,QWߑP,10/06(y),13:04,b,,3,2,X^,"10,013",win
2012,iP,QWߑP,10/06(y),14:04,lFM,L,0,0,YX,"36,412",draw
2012,iP,QWߑP,10/06(y),15:03,,e,5,1,JV},"15,118",win
2012,iP,QWߑP,10/06(y),15:03,,e,1,0,,"10,769",win
2012,iP,QWߑP,10/06(y),15:03,É,{,0,0,䗤,"8,793",draw
2012,iP,QWߑP,10/06(y),15:04,V,_,0,0,kdX,"23,849",draw
2012,iP,QWߑP,10/06(y),15:34,֓c,,0,1,GRp,"28,745",lose
2012,iP,QWߑP,10/06(y),19:04,,f,2,1,AX^,"18,003",win
2012,iP,QWߑP,10/06(y),19:04,Ya,Dy,1,2,,"30,692",lose
2012,iP,QXߑP,10/20(y),13:04,,Ya,3,2,AX^,"17,711",win
2012,iP,QXߑP,10/20(y),14:03,lFM,֓c,4,0,YX,"21,310",win
2012,iP,QXߑP,10/20(y),15:03,{,V,1,1,m`bj,"11,944",draw
2012,iP,QXߑP,10/20(y),15:03,e,f,2,3,X,"18,779",lose
2012,iP,QXߑP,10/20(y),15:04,,_,1,1,AEX^,"14,772",draw
2012,iP,QXߑP,10/20(y),15:04,,É,1,3,,"11,851",lose
2012,iP,QXߑP,10/20(y),16:03,Dy,,0,0,Dy,"7,208",draw
2012,iP,QXߑP,10/20(y),18:04,b,e,1,1,X^,"14,268",draw
2012,iP,QXߑP,10/20(y),19:05,L,,1,2,Lr,"24,839",lose
2012,iP,ROߑP,10/27(y),14:03,Ya,b,0,0,,"32,090",draw
2012,iP,ROߑP,10/27(y),14:03,É,lFM,1,1,LcX,"22,332",draw
2012,iP,ROߑP,10/27(y),14:03,f,L,1,1,,"17,617",draw
2012,iP,ROߑP,10/27(y),14:04,,{,1,4,,"12,167",lose
2012,iP,ROߑP,10/27(y),14:04,֓c,,1,1,}n,"10,753",draw
2012,iP,ROߑP,10/27(y),17:03,V,,0,2,kdX,"23,254",lose
2012,iP,ROߑP,10/27(y),17:04,,,1,2,JV},"14,125",lose
2012,iP,ROߑP,10/27(y),17:04,e,Dy,5,0,X^,"20,696",win
2012,iP,ROߑP,10/27(y),19:04,_,e,3,3,z[Y,"16,317",draw
2012,iP,RPߑP,11/07(),19:00,,V,0,1,AEX^,"8,710",lose
2012,iP,RPߑP,11/07(),19:03,{,,0,0,m`bj,"12,021",draw
2012,iP,RPߑP,11/07(),19:03,,f,2,2,,"10,389",draw
2012,iP,RPߑP,11/07(),19:03,e,Ya,4,2,X,"17,870",win
2012,iP,RPߑP,11/07(),19:03,É,e,1,0,䗤,"7,959",win
2012,iP,RPߑP,11/07(),19:03,_,lFM,1,2,z[Y,"8,755",lose
2012,iP,RPߑP,11/07(),19:04,,b,1,1,AX^,"17,493",draw
2012,iP,RPߑP,11/07(),19:04,L,Dy,3,0,Lr,"13,204",win
2012,iP,RPߑP,11/07(),19:04,,֓c,3,2,,"8,155",win
2012,iP,RQߑP,11/17(y),14:03,lFM,,1,2,YX,"22,647",lose
2012,iP,RQߑP,11/17(y),14:03,V,e,0,1,kdX,"25,738",lose
2012,iP,RQߑP,11/17(y),14:04,,,3,3,JV},"15,035",draw
2012,iP,RQߑP,11/17(y),14:05,֓c,É,0,2,}n,"8,978",lose
2012,iP,RQߑP,11/17(y),14:06,Ya,L,2,0,,"41,296",win
2012,iP,RQߑP,11/17(y),17:03,Dy,,2,3,Dyh,"10,266",lose
2012,iP,RQߑP,11/17(y),17:03,b,{,1,3,X^,"9,765",lose
2012,iP,RQߑP,11/17(y),17:04,e,_,0,1,X^,"17,454",lose
2012,iP,RQߑP,11/17(y),17:04,,f,1,3,AEX^,"12,391",lose
2012,iP,RRߑP,11/24(y),14:33,É,,1,2,LcX,"23,892",lose
2012,iP,RRߑP,11/24(y),14:33,f,e,2,2,,"19,393",draw
2012,iP,RRߑP,11/24(y),14:34,,V,0,1,AX^,"18,526",lose
2012,iP,RRߑP,11/24(y),14:35,,Ya,3,1,xAX^,"22,116",win
2012,iP,RRߑP,11/24(y),14:36,L,b,4,1,Lr,"32,724",win
2012,iP,RRߑP,11/24(y),17:33,{,֓c,2,0,m`bj,"12,126",win
2012,iP,RRߑP,11/24(y),17:33,,_,1,0,,"12,406",win
2012,iP,RRߑP,11/24(y),17:33,e,,2,1,X,"19,916",win
2012,iP,RRߑP,11/24(y),17:34,Dy,lFM,0,2,Dyh,"19,587",lose
2012,iP,RSߑP,12/01(y),15:33,lFM,,1,0,YX,"26,642",win
2012,iP,RSߑP,12/01(y),15:33,V,Dy,4,1,kdX,"28,055",win
2012,iP,RSߑP,12/01(y),15:34,Ya,É,2,0,,"51,879",win
2012,iP,RSߑP,12/01(y),15:34,e,,6,2,X^,"30,944",win
2012,iP,RSߑP,12/01(y),15:34,,{,0,0,AEX^,"14,729",draw
2012,iP,RSߑP,12/01(y),15:34,֓c,f,2,1,}n,"14,389",win
2012,iP,RSߑP,12/01(y),15:34,b,e,2,2,,"18,487",draw
2012,iP,RSߑP,12/01(y),15:34,_,L,0,1,z[Y,"22,224",lose
2012,iP,RSߑP,12/01(y),15:35,,,2,0,JV},"19,141",win
2013,iP,PߑP,03/02(y),14:04,lFM,Ó,4,2,YX,"24,298",win
2013,iP,PߑP,03/02(y),14:04,É,֓c,1,1,LcX,"21,748",draw
2013,iP,PߑP,03/02(y),14:04,,,1,1,xAX^,"12,728",draw
2013,iP,PߑP,03/02(y),14:05,b,V,1,0,,"15,051",win
2013,iP,PߑP,03/02(y),14:06,,b{,1,1,AX^,"16,353",draw
2013,iP,PߑP,03/02(y),14:06,L,Ya,1,2,dX^,"27,911",lose
2013,iP,PߑP,03/02(y),16:03,{,,2,2,m`bj,"11,330",draw
2013,iP,PߑP,03/02(y),19:04,啪,e,1,2,h,"17,055",lose
2013,iP,PߑQ,03/03(),13:04,,e,3,1,,"13,785",win
2013,iP,QߑP,03/09(y),13:04,V,L,1,2,kdX,"28,118",lose
2013,iP,QߑP,03/09(y),14:03,,lFM,0,5,ACX^,"16,487",lose
2013,iP,QߑP,03/09(y),14:04,e,,3,0,X^,"26,256",win
2013,iP,QߑP,03/09(y),14:05,,,3,2,JV},"19,981",win
2013,iP,QߑP,03/09(y),14:05,b{,b,1,2,X^,"12,116",lose
2013,iP,QߑP,03/09(y),15:03,֓c,{,0,1,}n,"10,773",lose
2013,iP,QߑP,03/09(y),15:04,e,啪,1,1,,"21,657",draw
2013,iP,QߑP,03/09(y),16:05,Ya,É,1,0,,"52,293",win
2013,iP,QߑP,03/09(y),19:04,Ó,,1,1,alvX,"11,439",draw
2013,iP,RߑP,03/16(y),14:03,lFM,֓c,2,1,YX,"19,195",win
2013,iP,RߑP,03/16(y),14:04,,,2,1,AX^,"13,232",win
2013,iP,RߑP,03/16(y),14:04,,e,5,4,xAX^,"8,716",win
2013,iP,RߑP,03/16(y),14:05,啪,Ya,2,2,h,"16,510",draw
2013,iP,RߑP,03/16(y),15:03,{,V,1,1,m`bj,"10,485",draw
2013,iP,RߑP,03/16(y),15:04,b,e,1,0,,"13,702",win
2013,iP,RߑP,03/16(y),16:04,Ó,,1,1,alvX,"9,453",draw
2013,iP,RߑP,03/16(y),19:04,b{,É,0,1,X^,"11,230",lose
2013,iP,RߑQ,03/17(),13:06,L,,0,0,dX^,"16,029",draw
2013,iP,SߑP,03/30(y),13:04,,L,0,4,ACX^,"13,137",lose
2013,iP,SߑP,03/30(y),13:04,b,,1,1,,"13,721",draw
2013,iP,SߑP,03/30(y),14:04,֓c,,3,3,}n,"8,741",draw
2013,iP,SߑP,03/30(y),15:03,{,,3,1,m`bj,"11,492",win
2013,iP,SߑP,03/30(y),15:03,e,b{,1,1,X,"14,108",draw
2013,iP,SߑP,03/30(y),15:03,É,Ó,2,0,䗤,"10,706",win
2013,iP,SߑP,03/30(y),15:04,,啪,3,1,,"9,144",win
2013,iP,SߑP,03/30(y),16:03,V,Ya,0,2,kdX,"29,095",lose
2013,iP,SߑP,03/30(y),19:04,lFM,e,3,2,YX,"23,698",win
2013,iP,TߑP,04/06(y),14:03,e,{,0,1,X^,"13,859",lose
2013,iP,TߑP,04/06(y),14:04,,V,0,1,AX^,"12,883",lose
2013,iP,TߑP,04/06(y),14:04,L,lFM,1,3,dX^,"10,554",lose
2013,iP,TߑP,04/06(y),14:04,,,0,1,xAX^,"6,707",lose
2013,iP,TߑP,04/06(y),14:04,啪,b{,0,1,h,"7,913",lose
2013,iP,TߑP,04/06(y),15:04,,b,1,0,JV},"10,837",win
2013,iP,TߑP,04/06(y),17:03,,É,3,3,,"8,180",draw
2013,iP,TߑP,04/06(y),17:04,Ó,e,1,1,alvX,"7,347",draw
2013,iP,TߑP,04/06(y),19:04,Ya,֓c,2,1,,"23,295",win
2013,iP,UߑP,04/13(y),13:04,b{,,3,1,X^,"10,569",win
2013,iP,UߑP,04/13(y),14:03,lFM,e,2,1,YX,"27,204",win
2013,iP,UߑP,04/13(y),14:03,É,V,2,0,LcX,"13,159",win
2013,iP,UߑP,04/13(y),14:04,,e,2,1,AX^,"13,655",win
2013,iP,UߑP,04/13(y),14:04,啪,,2,3,h,"10,571",lose
2013,iP,UߑP,04/13(y),17:04,,֓c,1,0,ACX^,"15,113",win
2013,iP,UߑP,04/13(y),19:04,b,{,1,2,,"13,384",lose
2013,iP,UߑQ,04/14(),13:05,L,,2,0,dX^,"13,164",win
2013,iP,UߑQ,04/14(),15:05,Ya,Ó,2,0,,"36,477",win
2013,iP,VߑP,04/20(y),13:03,e,,4,2,X,"14,739",win
2013,iP,VߑP,04/20(y),13:04,,b,1,1,ACX^,"10,252",draw
2013,iP,VߑP,04/20(y),14:04,e,É,3,1,X^,"16,804",win
2013,iP,VߑP,04/20(y),14:04,,,0,3,xAX^,"7,287",lose
2013,iP,VߑP,04/20(y),15:03,֓c,L,0,2,}n,"8,377",lose
2013,iP,VߑP,04/20(y),16:04,{,Ya,1,0,m`bj,"13,016",win
2013,iP,VߑP,04/20(y),16:04,Ó,啪,2,1,alvX,"6,301",win
2013,iP,VߑP,04/20(y),19:04,,b{,0,0,JV},"9,898",draw
2013,iP,VߑP,04/20(y),19:04,V,lFM,1,0,kdX,"21,415",win
2013,iP,WߑP,04/26(),19:04,,{,0,4,,"8,086",lose
2013,iP,WߑQ,04/27(y),14:03,V,,2,3,kdX,"23,578",lose
2013,iP,WߑQ,04/27(y),14:04,É,L,1,1,䗤,"13,004",draw
2013,iP,WߑQ,04/27(y),14:04,b,啪,0,0,X^,"14,037",draw
2013,iP,WߑQ,04/27(y),16:03,lFM,b{,1,1,YX,"24,149",draw
2013,iP,WߑQ,04/27(y),16:04,֓c,Ó,4,0,}n,"9,272",win
2013,iP,WߑQ,04/27(y),17:05,Ya,,0,1,,"37,945",lose
2013,iP,WߑQ,04/27(y),19:04,e,e,2,0,X^,"26,555",win
2013,iP,WߑR,04/28(),16:04,,,1,1,AX^,"14,359",draw
2013,iP,XߑP,05/03(Ej),13:05,啪,{,0,2,h,"11,334",lose
2013,iP,XߑP,05/03(Ej),14:04,b{,֓c,2,1,X^,"14,062",win
2013,iP,XߑP,05/03(Ej),15:04,,V,1,2,ACX^,"16,380",lose
2013,iP,XߑP,05/03(Ej),15:34,lFM,,1,1,YX,"40,034",draw
2013,iP,XߑP,05/03(Ej),16:03,Ó,b,0,3,alvX,"10,947",lose
2013,iP,XߑP,05/03(Ej),18:04,,e,2,3,xAX^,"14,024",lose
2013,iP,XߑP,05/03(Ej),19:04,e,É,2,1,X,"16,292",win
2013,iP,POߑP,05/06(Ex),14:03,,e,1,2,ACX^,"16,829",lose
2013,iP,POߑP,05/06(Ex),14:04,V,b{,1,1,kdX,"27,720",draw
2013,iP,POߑP,05/06(Ex),15:03,{,L,2,1,m`bj,"13,365",win
2013,iP,POߑP,05/06(Ex),15:03,e,֓c,2,2,X^,"28,565",draw
2013,iP,POߑP,05/06(Ex),16:04,,Ó,1,0,JV},"16,411",win
2013,iP,POߑP,05/06(Ex),16:04,b,Ya,2,2,,"32,378",draw
2013,iP,POߑP,05/06(Ex),16:04,啪,,2,4,h,"16,760",lose
2013,iP,POߑP,05/06(Ex),19:03,É,,0,2,LcX,"12,075",lose
2013,iP,POߑP,05/06(Ex),19:04,,lFM,2,1,,"13,621",win
2013,iP,PPߑP,05/11(y),13:04,L,啪,1,0,dX^,"10,708",win
2013,iP,PPߑP,05/11(y),14:04,,{,2,1,AX^,"14,327",win
2013,iP,PPߑP,05/11(y),14:04,֓c,,0,1,}n,"9,444",lose
2013,iP,PPߑP,05/11(y),14:04,,V,1,3,xAX^,"7,376",lose
2013,iP,PPߑP,05/11(y),15:03,e,b,2,2,X,"12,345",draw
2013,iP,PPߑP,05/11(y),15:04,É,lFM,1,2,LcX,"18,512",lose
2013,iP,PPߑP,05/11(y),17:03,b{,,0,2,X^,"7,754",lose
2013,iP,PPߑP,05/11(y),17:04,Ó,e,3,2,alvX,"8,248",win
2013,iP,PPߑP,05/11(y),19:03,Ya,,3,1,,"46,649",win
2013,iP,PQߑP,05/18(y),14:03,V,啪,2,3,kdX,"25,279",lose
2013,iP,PQߑP,05/18(y),14:03,֓c,e,2,4,}n,"10,429",lose
2013,iP,PQߑP,05/18(y),14:04,L,b{,5,1,dX^,"10,550",win
2013,iP,PQߑP,05/18(y),14:06,,É,3,1,JV},"17,161",win
2013,iP,PQߑP,05/18(y),15:03,,b,1,3,,"11,056",lose
2013,iP,PQߑP,05/18(y),16:04,lFM,,0,0,YX,"23,083",draw
2013,iP,PQߑP,05/18(y),17:03,{,Ó,2,1,m`bj,"10,886",win
2013,iP,PQߑP,05/18(y),19:04,e,,2,0,X^,"24,003",win
2013,iP,PQߑP,05/18(y),19:05,Ya,,6,2,,"31,175",win
2013,iP,PRߑP,05/25(y),14:04,Ó,L,0,2,alvX,"10,682",lose
2013,iP,PRߑP,05/25(y),14:04,b{,{,0,3,X^,"11,063",lose
2013,iP,PRߑP,05/25(y),14:04,,,2,0,ACX^,"12,642",win
2013,iP,PRߑP,05/25(y),15:03,e,V,2,1,X,"16,002",win
2013,iP,PRߑP,05/25(y),15:04,,lFM,0,1,xAX^,"13,197",lose
2013,iP,PRߑP,05/25(y),15:34,啪,֓c,1,1,h,"11,141",draw
2013,iP,PRߑP,05/25(y),17:05,,e,3,2,JV},"17,969",win
2013,iP,PRߑP,05/25(y),19:05,b,É,2,1,X^,"16,362",win
2013,iP,PRߑQ,05/26(),16:04,,Ya,2,6,,"34,021",lose
2013,iP,XߑQ,05/29(),19:06,L,,0,0,dX^,"10,045",draw
2013,iP,XߑQ,05/29(),19:34,Ya,,1,1,,"24,184",draw
2013,iP,PSߑP,07/06(y),18:05,b{,Ya,0,1,,"28,906",lose
2013,iP,PSߑP,07/06(y),18:34,e,L,0,1,X^,"27,852",lose
2013,iP,PSߑP,07/06(y),19:03,,Ó,0,0,AX^,"13,470",draw
2013,iP,PSߑP,07/06(y),19:03,e,,4,2,X,"18,447",win
2013,iP,PSߑP,07/06(y),19:03,V,,3,2,kdX,"26,547",win
2013,iP,PSߑP,07/06(y),19:03,֓c,b,2,2,}n,"12,206",draw
2013,iP,PSߑP,07/06(y),19:04,{,,1,1,m`bj,"12,449",draw
2013,iP,PSߑP,07/06(y),19:04,lFM,啪,1,1,jbp,"12,537",draw
2013,iP,PSߑP,07/06(y),19:04,É,,2,1,LcX,"17,950",win
2013,iP,PTߑP,07/10(),19:03,{,É,2,1,m`bj,"9,644",win
2013,iP,PTߑP,07/10(),19:04,,,3,1,JV},"7,495",win
2013,iP,PTߑP,07/10(),19:04,Ó,,1,2,alvX,"7,319",lose
2013,iP,PTߑP,07/10(),19:04,֓c,V,2,1,}n,"5,698",win
2013,iP,PTߑP,07/10(),19:04,,b{,2,1,xAX^,"6,292",win
2013,iP,PTߑP,07/10(),19:05,b,lFM,2,1,X^,"13,272",win
2013,iP,PTߑP,07/10(),19:05,L,e,4,2,dX^,"10,236",win
2013,iP,PTߑP,07/10(),19:05,啪,,0,1,h,"7,067",lose
2013,iP,PTߑP,07/10(),19:35,Ya,e,2,2,,"25,638",draw
2013,iP,PUߑP,07/13(y),18:04,,啪,3,1,ACX^,"15,191",win
2013,iP,PUߑP,07/13(y),18:34,b{,Ó,0,1,X^,"10,175",lose
2013,iP,PUߑP,07/13(y),19:03,e,Ya,4,0,X,"19,010",win
2013,iP,PUߑP,07/13(y),19:03,V,e,0,3,kdX,"26,547",lose
2013,iP,PUߑP,07/13(y),19:04,,֓c,1,1,AX^,"14,318",draw
2013,iP,PUߑP,07/13(y),19:04,lFM,{,2,1,YX,"29,722",win
2013,iP,PUߑP,07/13(y),19:04,É,,3,2,䗤,"9,237",win
2013,iP,PUߑP,07/13(y),19:05,,,2,1,,"25,904",win
2013,iP,PUߑP,07/13(y),19:05,L,b,1,0,dX^,"19,244",win
2013,iP,PVߑP,07/17(),19:03,{,e,2,3,m`bj,"7,412",lose
2013,iP,PVߑP,07/17(),19:04,,L,0,2,AX^,"11,755",lose
2013,iP,PVߑP,07/17(),19:04,,֓c,1,1,JV},"6,681",draw
2013,iP,PVߑP,07/17(),19:04,,,2,2,,"7,013",draw
2013,iP,PVߑP,07/17(),19:04,Ó,V,0,2,alvX,"6,080",lose
2013,iP,PVߑP,07/17(),19:05,Ya,lFM,2,3,,"23,725",lose
2013,iP,PVߑP,07/17(),19:05,b,,4,1,X^,"9,119",win
2013,iP,PVߑP,07/17(),19:05,啪,É,1,2,h,"7,104",lose
2013,iP,PVߑP,07/17(),19:34,e,b{,4,1,X^,"12,905",win
2013,iP,PWߑP,07/31(),19:03,e,Ó,1,2,X,"15,934",lose
2013,iP,PWߑP,07/31(),19:03,V,b,1,0,kdX,"18,919",win
2013,iP,PWߑP,07/31(),19:04,b{,,0,1,X^,"8,773",lose
2013,iP,PWߑP,07/31(),19:04,֓c,Ya,1,2,GRp,"20,049",lose
2013,iP,PWߑP,07/31(),19:04,L,{,3,1,dX^,"16,351",win
2013,iP,PWߑP,07/31(),19:04,,啪,3,2,xAX^,"10,304",win
2013,iP,PWߑP,07/31(),19:05,,e,0,0,ACX^,"10,781",draw
2013,iP,PWߑP,07/31(),19:34,lFM,,1,1,YX,"20,294",draw
2013,iP,PWߑP,07/31(),19:34,É,,3,1,LcX,"15,881",win
2013,iP,PXߑP,08/03(y),18:04,Ya,L,3,1,,"42,426",win
2013,iP,PXߑP,08/03(y),18:34,,{,1,0,JV},"14,925",win
2013,iP,PXߑP,08/03(y),19:03,,,2,1,,"8,815",win
2013,iP,PXߑP,08/03(y),19:04,,e,2,1,AX^,"14,365",win
2013,iP,PXߑP,08/03(y),19:04,e,啪,2,0,X^,"22,309",win
2013,iP,PXߑP,08/03(y),19:04,Ó,lFM,1,2,alvX,"13,786",lose
2013,iP,PXߑP,08/03(y),19:04,V,,3,1,kdX,"22,650",win
2013,iP,PXߑP,08/03(y),19:04,֓c,É,2,3,}n,"14,272",lose
2013,iP,PXߑP,08/03(y),19:04,b,b{,0,1,X^,"13,633",lose
2013,iP,QOߑP,08/10(y),18:04,,Ó,3,1,ACX^,"15,395",win
2013,iP,QOߑP,08/10(y),18:34,b{,V,1,1,X^,"12,749",draw
2013,iP,QOߑP,08/10(y),19:03,{,b,0,3,m`bj,"12,093",lose
2013,iP,QOߑP,08/10(y),19:04,,,2,1,AX^,"17,892",win
2013,iP,QOߑP,08/10(y),19:04,e,e,2,2,X,"17,864",draw
2013,iP,QOߑP,08/10(y),19:04,lFM,,2,1,jbp,"13,427",win
2013,iP,QOߑP,08/10(y),19:04,É,Ya,2,0,LcX,"30,478",win
2013,iP,QOߑP,08/10(y),19:05,L,֓c,2,1,dX^,"19,705",win
2013,iP,QOߑP,08/10(y),19:05,啪,,0,0,h,"23,814",draw
2013,iP,QPߑP,08/17(y),18:03,Ya,啪,4,3,,"32,329",win
2013,iP,QPߑP,08/17(y),18:34,,V,1,0,JV},"16,392",win
2013,iP,QPߑP,08/17(y),18:34,e,lFM,0,2,X^,"30,698",lose
2013,iP,QPߑP,08/17(y),18:34,b{,e,1,3,X^,"12,657",lose
2013,iP,QPߑP,08/17(y),19:03,,,0,0,,"11,838",draw
2013,iP,QPߑP,08/17(y),19:03,,{,2,1,xAX^,"22,530",win
2013,iP,QPߑP,08/17(y),19:04,Ó,֓c,1,1,alvX,"12,140",draw
2013,iP,QPߑP,08/17(y),19:04,b,,4,1,X^,"16,196",win
2013,iP,QPߑP,08/17(y),19:05,L,É,1,1,dX^,"20,879",draw
2013,iP,QQߑP,08/24(y),18:04,,Ya,0,2,GRp,"21,420",lose
2013,iP,QQߑP,08/24(y),19:03,{,,2,3,m`bj,"11,661",lose
2013,iP,QQߑP,08/24(y),19:03,V,e,2,1,kdX,"28,342",win
2013,iP,QQߑP,08/24(y),19:04,,lFM,2,1,JV},"17,608",win
2013,iP,QQߑP,08/24(y),19:04,Ó,b{,1,2,alvX,"10,165",lose
2013,iP,QQߑP,08/24(y),19:04,֓c,e,0,0,}n,"12,809",draw
2013,iP,QQߑP,08/24(y),19:04,É,b,1,1,䗤,"18,560",draw
2013,iP,QQߑP,08/24(y),19:04,,,1,0,xAX^,"9,266",win
2013,iP,QQߑP,08/24(y),19:05,啪,L,1,1,h,"13,024",draw
2013,iP,QRߑP,08/28(),19:02,,,4,3,ACX^,"9,238",win
2013,iP,QRߑP,08/28(),19:03,,Ó,5,2,,"8,110",win
2013,iP,QRߑP,08/28(),19:03,e,{,2,1,X,"14,026",win
2013,iP,QRߑP,08/28(),19:03,b{,L,2,0,X^,"9,033",win
2013,iP,QRߑP,08/28(),19:03,V,֓c,4,2,kdX,"18,926",win
2013,iP,QRߑP,08/28(),19:04,,b,1,1,AX^,"15,101",draw
2013,iP,QRߑP,08/28(),19:04,e,,2,3,,"19,666",lose
2013,iP,QRߑP,08/28(),19:04,É,啪,2,1,䗤,"9,777",win
2013,iP,QRߑP,08/28(),19:34,lFM,Ya,3,0,YX,"30,481",win
2013,iP,QSߑP,08/31(y),18:04,Ya,V,1,0,,"40,372",win
2013,iP,QSߑP,08/31(y),18:35,,,3,1,JV},"16,212",win
2013,iP,QSߑP,08/31(y),19:03,{,lFM,1,0,m`bj,"12,932",win
2013,iP,QSߑP,08/31(y),19:04,Ó,,3,2,alvX,"11,188",win
2013,iP,QSߑP,08/31(y),19:04,֓c,b{,1,1,}n,"9,307",draw
2013,iP,QSߑP,08/31(y),19:04,b,e,0,0,,"30,579",draw
2013,iP,QSߑP,08/31(y),19:04,,É,1,1,xAX^,"15,569",draw
2013,iP,QSߑP,08/31(y),19:05,啪,,2,3,h,"9,108",lose
2013,iP,QSߑP,08/31(y),19:06,L,e,1,2,dX^,"13,896",lose
2013,iP,QTߑP,09/13(),19:03,,֓c,1,3,,"8,499",lose
2013,iP,QTߑQ,09/14(y),15:03,,É,2,1,ACX^,"13,189",win
2013,iP,QTߑQ,09/14(y),18:35,e,Ya,3,2,,"34,756",win
2013,iP,QTߑQ,09/14(y),18:35,b{,,3,0,X^,"15,137",win
2013,iP,QTߑQ,09/14(y),19:04,,啪,6,0,AX^,"13,411",win
2013,iP,QTߑQ,09/14(y),19:04,e,L,2,0,X,"17,390",win
2013,iP,QTߑQ,09/14(y),19:04,lFM,b,1,1,YX,"35,528",draw
2013,iP,QTߑQ,09/14(y),19:04,V,{,1,0,kdX,"33,378",win
2013,iP,QTߑQ,09/14(y),19:04,,Ó,1,0,xAX^,"9,391",win
2013,iP,QUߑP,09/21(y),14:03,֓c,,2,3,}n,"10,821",lose
2013,iP,QUߑP,09/21(y),14:04,L,V,2,0,dX^,"16,196",win
2013,iP,QUߑP,09/21(y),16:04,{,,0,2,m`bj,"11,185",lose
2013,iP,QUߑP,09/21(y),17:04,Ya,b{,1,1,,"31,077",draw
2013,iP,QUߑP,09/21(y),19:03,e,,0,1,X,"18,090",lose
2013,iP,QUߑP,09/21(y),19:04,lFM,,1,0,jbp,"13,416",win
2013,iP,QUߑP,09/21(y),19:04,É,e,0,2,䗤,"13,329",lose
2013,iP,QUߑP,09/21(y),19:05,啪,Ó,1,2,h,"8,520",lose
2013,iP,QUߑQ,09/22(),17:05,b,,1,1,,"33,174",draw
2013,iP,QVߑP,09/28(y),13:04,,lFM,0,0,AX^,"17,849",draw
2013,iP,QVߑP,09/28(y),15:03,,V,1,1,,"10,290",draw
2013,iP,QVߑP,09/28(y),15:04,,b{,2,1,ACX^,"15,088",win
2013,iP,QVߑP,09/28(y),15:04,,L,0,2,xAX^,"12,355",lose
2013,iP,QVߑP,09/28(y),15:34,,啪,3,1,JV},"13,020",win
2013,iP,QVߑP,09/28(y),16:04,Ó,Ya,2,2,alvX,"13,743",draw
2013,iP,QVߑP,09/28(y),18:04,b,֓c,2,0,X^,"15,704",win
2013,iP,QVߑP,09/28(y),19:04,{,e,2,5,m`bj,"11,539",lose
2013,iP,QVߑP,09/28(y),19:34,É,e,1,2,䗤,"12,013",lose
2013,iP,QWߑP,10/05(y),15:04,֓c,,1,1,}n,"8,218",draw
2013,iP,QWߑP,10/05(y),15:34,V,,3,1,kdX,"26,514",win
2013,iP,QWߑP,10/05(y),16:03,Ó,É,1,1,alvX,"8,650",draw
2013,iP,QWߑP,10/05(y),16:04,L,,3,1,dX^,"15,512",win
2013,iP,QWߑP,10/05(y),16:04,啪,b,0,2,h,"11,045",lose
2013,iP,QWߑP,10/05(y),16:05,Ya,{,4,0,,"47,790",win
2013,iP,QWߑP,10/05(y),19:04,e,,1,4,,"30,673",lose
2013,iP,QWߑP,10/05(y),19:04,b{,lFM,0,0,X^,"12,547",draw
2013,iP,QWߑQ,10/06(),14:04,e,,3,1,X,"14,388",win
2013,iP,QXߑP,10/19(y),14:04,,É,2,1,AX^,"15,178",win
2013,iP,QXߑP,10/19(y),15:03,e,֓c,2,1,X,"17,523",win
2013,iP,QXߑP,10/19(y),15:04,,Ya,1,2,JV},"32,305",lose
2013,iP,QXߑP,10/19(y),15:04,,b{,2,0,,"9,011",win
2013,iP,QXߑP,10/19(y),15:04,lFM,L,1,0,YX,"39,243",win
2013,iP,QXߑP,10/19(y),15:04,,,6,4,ACX^,"11,846",win
2013,iP,QXߑP,10/19(y),16:04,{,啪,0,1,FJ,"9,469",lose
2013,iP,QXߑP,10/19(y),17:04,e,V,2,0,X^,"21,743",win
2013,iP,QXߑP,10/19(y),19:04,b,Ó,2,1,X^,"15,766",win
2013,iP,ROߑP,10/26(y),16:04,L,,1,0,dX^,"17,184",win
2013,iP,ROߑQ,10/27(),13:03,V,Ó,3,2,kdX,"23,949",win
2013,iP,ROߑQ,10/27(),13:04,b{,e,1,1,X^,"14,414",draw
2013,iP,ROߑQ,10/27(),16:04,,e,4,1,JV},"18,293",win
2013,iP,ROߑQ,10/27(),16:04,֓c,,0,1,}n,"12,467",lose
2013,iP,ROߑQ,10/27(),16:04,É,{,2,1,LcX,"14,016",win
2013,iP,ROߑQ,10/27(),16:05,Ya,,2,1,,"34,814",win
2013,iP,ROߑQ,10/27(),16:05,啪,lFM,0,1,h,"12,913",lose
2013,iP,ROߑQ,10/27(),19:04,,b,2,0,xAX^,"17,382",win
2013,iP,RPߑP,11/10(),13:04,,L,1,1,,"12,103",draw
2013,iP,RPߑP,11/10(),13:04,lFM,É,1,2,YX,"28,484",lose
2013,iP,RPߑP,11/10(),13:04,Ó,,1,2,alvX,"11,736",lose
2013,iP,RPߑP,11/10(),13:05,e,b,1,2,X^,"40,371",lose
2013,iP,RPߑP,11/10(),16:04,,֓c,1,0,xAX^,"11,118",win
2013,iP,RPߑP,11/10(),16:05,啪,V,1,3,h,"8,039",lose
2013,iP,RPߑP,11/10(),19:03,{,b{,1,2,m`bj,"9,059",lose
2013,iP,RPߑP,11/10(),19:04,e,,2,0,X,"14,986",win
2013,iP,RPߑP,11/10(),19:05,,Ya,3,3,{X,"17,183",draw
2013,iP,RQߑP,11/23(yEj),14:04,,,1,2,JV},"17,030",lose
2013,iP,RQߑP,11/23(yEj),14:04,Ya,e,1,3,,"45,607",lose
2013,iP,RQߑP,11/23(yEj),14:04,,{,1,0,ACX^,"13,151",win
2013,iP,RQߑP,11/23(yEj),14:04,֓c,lFM,0,1,}n,"13,790",lose
2013,iP,RQߑP,11/23(yEj),14:04,b,L,1,0,X^,"17,489",win
2013,iP,RQߑP,11/23(yEj),17:03,e,Ó,2,1,X^,"21,648",win
2013,iP,RQߑP,11/23(yEj),17:04,b{,啪,0,0,X^,"11,514",draw
2013,iP,RQߑP,11/23(yEj),17:04,V,,1,0,kdX,"32,425",win
2013,iP,RQߑP,11/23(yEj),17:04,É,,3,2,LcX,"17,483",win
2013,iP,RRߑP,11/30(y),14:03,{,֓c,3,0,m`bj,"11,325",win
2013,iP,RRߑP,11/30(y),14:03,b,,1,2,,"36,361",lose
2013,iP,RRߑP,11/30(y),14:03,,Ya,4,1,xAX^,"20,196",win
2013,iP,RRߑP,11/30(y),14:04,lFM,V,0,2,YX,"62,632",lose
2013,iP,RRߑP,11/30(y),14:05,L,Ó,1,0,dX^,"27,392",win
2013,iP,RRߑP,11/30(y),17:03,,e,4,1,,"13,930",win
2013,iP,RRߑP,11/30(y),17:04,,,1,2,AX^,"17,394",lose
2013,iP,RRߑP,11/30(y),17:05,É,b{,0,0,LcX,"26,369",draw
2013,iP,RRߑP,11/30(y),17:05,啪,e,0,1,h,"10,639",lose
2013,iP,RSߑP,12/07(y),15:33,,L,0,2,JV},"26,897",lose
2013,iP,RSߑP,12/07(y),15:33,e,,2,0,X^,"27,583",win
2013,iP,RSߑP,12/07(y),15:34,Ya,b,2,5,,"54,905",lose
2013,iP,RSߑP,12/07(y),15:34,e,lFM,1,0,X,"20,151",win
2013,iP,RSߑP,12/07(y),15:34,Ó,{,0,1,alvX,"9,257",lose
2013,iP,RSߑP,12/07(y),15:34,V,É,2,0,kdX,"30,504",win
2013,iP,RSߑP,12/07(y),15:34,,,1,2,ACX^,"14,185",lose
2013,iP,RSߑP,12/07(y),15:34,֓c,啪,3,1,}n,"8,534",win
2013,iP,RSߑP,12/07(y),15:35,b{,,0,0,X^,"11,742",draw
2014,iP,PߑP,03/01(y),14:04,b,L,0,1,}[,"37,079",lose
2014,iP,PߑP,03/01(y),14:04,É,,2,3,LcX,"21,657",lose
2014,iP,PߑP,03/01(y),14:05,,,5,0,xAX^,"14,296",win
2014,iP,PߑP,03/01(y),14:05,b{,,0,4,,"13,809",lose
2014,iP,PߑP,03/01(y),14:05,,V,1,2,AX^,"15,852",lose
2014,iP,PߑP,03/01(y),15:03,,e,1,1,,"14,623",draw
2014,iP,PߑP,03/01(y),19:04,f,Ya,0,1,,"18,438",lose
2014,iP,PߑQ,03/02(),13:04,lFM,{,2,0,YX,"23,166",win
2014,iP,PߑQ,03/02(),16:03,e,_,2,2,X,"14,011",draw
2014,iP,QߑP,03/08(y),12:34,L,e,2,1,dX^,"16,176",win
2014,iP,QߑP,03/08(y),13:02,V,f,0,2,fJr,"22,931",lose
2014,iP,QߑP,03/08(y),14:06,,b,0,2,,"12,202",lose
2014,iP,QߑP,03/08(y),15:03,e,b{,1,1,X^,"22,398",draw
2014,iP,QߑP,03/08(y),15:04,{,É,1,2,m`bj,"9,980",lose
2014,iP,QߑP,03/08(y),15:04,,lFM,0,1,ACX^,"17,877",lose
2014,iP,QߑP,03/08(y),15:05,_,,1,1,mGX^,"13,143",draw
2014,iP,QߑP,03/08(y),16:04,Ya,,0,1,,"42,850",lose
2014,iP,QߑP,03/08(y),19:04,,,2,0,JV},"15,033",win
2014,iP,RߑP,03/15(y),13:04,lFM,,3,0,jbp,"11,088",win
2014,iP,RߑP,03/15(y),14:03,b{,V,1,1,X^,"9,106",draw
2014,iP,RߑP,03/15(y),14:04,L,Ya,0,2,dX^,"24,734",lose
2014,iP,RߑP,03/15(y),15:03,e,{,3,4,X,"13,498",lose
2014,iP,RߑP,03/15(y),15:03,,É,0,1,,"9,265",lose
2014,iP,RߑP,03/15(y),15:04,,,0,3,xAX^,"13,013",lose
2014,iP,RߑP,03/15(y),15:04,b,,4,1,}[,"20,323",win
2014,iP,RߑP,03/15(y),17:04,,f,0,0,AX^,"13,380",draw
2014,iP,RߑP,03/15(y),19:04,_,e,2,1,mGX^,"10,089",win
2014,iP,SߑP,03/23(),13:03,V,,1,0,fJr,"21,278",win
2014,iP,SߑP,03/23(),14:04,b{,lFM,1,0,X^,"12,281",win
2014,iP,SߑP,03/23(),14:04,,,0,2,,"8,097",lose
2014,iP,SߑP,03/23(),15:03,{,,4,0,m`bj,"10,465",win
2014,iP,SߑP,03/23(),15:04,,b,0,2,JV},"32,099",lose
2014,iP,SߑP,03/23(),15:04,Ya,,1,1,,0,draw
2014,iP,SߑP,03/23(),15:04,É,_,2,1,䗤,"10,737",win
2014,iP,SߑP,03/23(),16:03,f,L,1,1,,"18,301",draw
2014,iP,SߑP,03/23(),19:04,e,e,0,4,X^,"23,172",lose
2014,iP,TߑP,03/28(),19:04,e,É,1,0,X,"12,431",win
2014,iP,TߑQ,03/29(y),14:04,b,V,0,0,X^,"15,232",draw
2014,iP,TߑQ,03/29(y),14:04,,b{,1,1,AX^,"11,144",draw
2014,iP,TߑQ,03/29(y),14:04,L,,3,1,dX^,"11,766",win
2014,iP,TߑQ,03/29(y),14:04,lFM,,1,3,YX,"27,764",lose
2014,iP,TߑQ,03/29(y),15:03,,{,2,2,,"11,568",draw
2014,iP,TߑQ,03/29(y),15:04,_,Ya,3,1,mGX^,"12,174",win
2014,iP,TߑQ,03/29(y),15:05,,e,1,3,ACX^,"14,420",lose
2014,iP,TߑQ,03/29(y),19:04,,f,2,0,xAX^,"12,115",win
2014,iP,UߑP,04/06(),13:03,V,lFM,0,0,fJr,"21,132",draw
2014,iP,UߑP,04/06(),13:04,É,L,2,5,LcX,"15,214",lose
2014,iP,UߑP,04/06(),13:04,,e,0,4,,"8,467",lose
2014,iP,UߑP,04/06(),15:03,,b,2,1,,"13,731",win
2014,iP,UߑP,04/06(),15:04,{,_,0,3,m`bj,"9,870",lose
2014,iP,UߑP,04/06(),15:04,b{,,0,1,X^,"10,144",lose
2014,iP,UߑP,04/06(),16:03,f,,0,2,,"12,899",lose
2014,iP,UߑP,04/06(),16:04,e,,2,1,X^,"14,165",win
2014,iP,UߑP,04/06(),19:04,Ya,,4,0,,"26,762",win
2014,iP,VߑP,04/11(),19:04,e,,1,1,X,"12,379",draw
2014,iP,VߑQ,04/12(y),14:04,b,f,2,2,}[,"42,723",draw
2014,iP,VߑQ,04/12(y),14:04,lFM,,0,2,YX,"19,181",lose
2014,iP,VߑQ,04/12(y),15:04,,V,1,2,JV},"11,953",lose
2014,iP,VߑQ,04/12(y),15:04,,{,2,0,ACX^,"11,497",win
2014,iP,VߑQ,04/12(y),15:04,_,,3,0,mGX^,"13,408",win
2014,iP,VߑQ,04/12(y),15:04,É,Ya,1,2,LcX,"19,505",lose
2014,iP,VߑQ,04/12(y),18:04,,b{,2,0,xAX^,"8,276",win
2014,iP,VߑQ,04/12(y),19:04,L,e,1,0,dX^,"12,529",win
2014,iP,WߑP,04/19(y),14:04,,,0,3,AX^,"11,413",lose
2014,iP,WߑP,04/19(y),14:04,,,0,4,,"6,113",lose
2014,iP,WߑP,04/19(y),15:04,,lFM,0,0,,"11,436",draw
2014,iP,WߑP,04/19(y),15:04,,_,2,3,JV},"11,952",lose
2014,iP,WߑP,04/19(y),16:04,e,b,2,0,X^,"40,761",win
2014,iP,WߑP,04/19(y),16:04,f,{,2,1,,"11,059",win
2014,iP,WߑP,04/19(y),17:04,Ya,e,1,0,,"35,239",win
2014,iP,WߑP,04/19(y),19:04,b{,É,2,0,X^,"8,197",win
2014,iP,WߑQ,04/20(),15:04,V,L,0,0,fJr,"21,452",draw
2014,iP,XߑP,04/26(y),13:03,,Ya,3,2,,"12,367",win
2014,iP,XߑP,04/26(y),14:03,,,1,0,ACX^,"11,188",win
2014,iP,XߑP,04/26(y),14:04,lFM,e,0,1,YX,"26,058",lose
2014,iP,XߑP,04/26(y),14:05,,V,1,2,,"6,096",lose
2014,iP,XߑP,04/26(y),15:04,É,,2,3,䗤,"9,065",lose
2014,iP,XߑP,04/26(y),15:04,_,b,2,2,mGX^,"25,382",draw
2014,iP,XߑP,04/26(y),16:04,e,f,2,1,X,"19,164",win
2014,iP,XߑP,04/26(y),17:04,{,b{,0,2,m`bj,"9,882",lose
2014,iP,XߑP,04/26(y),19:04,L,,0,3,dX^,"16,992",lose
2014,iP,POߑP,04/29(΁Ej),13:04,b{,,0,1,X^,"8,665",lose
2014,iP,POߑP,04/29(΁Ej),13:04,e,É,0,1,,"25,851",lose
2014,iP,POߑP,04/29(΁Ej),14:00,,L,1,2,xAX^,"17,339",lose
2014,iP,POߑP,04/29(΁Ej),14:02,V,_,1,1,fJr,"23,442",draw
2014,iP,POߑP,04/29(΁Ej),15:03,,,2,1,JV},"15,077",win
2014,iP,POߑP,04/29(΁Ej),16:04,,e,0,0,AX^,"13,040",draw
2014,iP,POߑP,04/29(΁Ej),16:04,Ya,lFM,1,0,,"38,226",win
2014,iP,POߑP,04/29(΁Ej),16:04,f,,1,2,,"13,845",lose
2014,iP,POߑP,04/29(΁Ej),19:04,b,{,1,1,}[,"19,367",draw
2014,iP,PPߑP,05/03(yEj),13:04,,,1,0,,"13,650",win
2014,iP,PPߑP,05/03(yEj),14:04,lFM,f,2,0,YX,"35,550",win
2014,iP,PPߑP,05/03(yEj),14:04,,,0,1,,"9,686",lose
2014,iP,PPߑP,05/03(yEj),15:03,e,b{,2,0,X,"18,261",win
2014,iP,PPߑP,05/03(yEj),15:04,_,L,0,0,mGX^,"17,573",draw
2014,iP,PPߑP,05/03(yEj),15:04,,,0,1,ACX^,"17,286",lose
2014,iP,PPߑP,05/03(yEj),16:04,Ya,e,1,0,,"43,564",win
2014,iP,PPߑP,05/03(yEj),17:04,{,V,2,2,m`bj,"12,105",draw
2014,iP,PPߑP,05/03(yEj),19:04,É,b,1,2,LcX,"38,966",lose
2014,iP,PQߑP,05/06(΁Ex),13:03,e,{,0,1,X^,"23,722",lose
2014,iP,PQߑP,05/06(΁Ex),13:04,,_,4,3,AX^,"12,945",win
2014,iP,PQߑP,05/06(΁Ex),14:04,V,,2,1,fJr,"35,533",win
2014,iP,PQߑP,05/06(΁Ex),15:04,,É,1,2,JV},"15,122",lose
2014,iP,PQߑP,05/06(΁Ex),15:04,,,1,0,xAX^,"14,457",win
2014,iP,PQߑP,05/06(΁Ex),16:04,b{,Ya,0,0,,"36,505",draw
2014,iP,PQߑP,05/06(΁Ex),19:04,f,,3,0,,"12,654",win
2014,iP,PRߑP,05/10(y),13:04,É,f,1,2,LcX,"20,781",lose
2014,iP,PRߑP,05/10(y),14:04,,e,0,0,,"7,451",draw
2014,iP,PRߑP,05/10(y),14:04,lFM,,1,2,YX,"19,606",lose
2014,iP,PRߑP,05/10(y),14:04,L,,1,1,dX^,"12,960",draw
2014,iP,PRߑP,05/10(y),15:03,e,,4,1,X,"17,451",win
2014,iP,PRߑP,05/10(y),15:04,_,b{,1,0,mGX^,"12,224",win
2014,iP,PRߑP,05/10(y),16:04,{,Ya,0,2,m`bj,"13,348",lose
2014,iP,PRߑP,05/10(y),16:04,b,,0,1,X^,"15,479",lose
2014,iP,PRߑP,05/10(y),19:04,,V,1,0,,"11,003",win
2014,iP,PSߑP,05/17(y),13:04,b{,,3,0,X^,"10,073",win
2014,iP,PSߑP,05/17(y),14:03,,_,1,1,ACX^,"12,639",draw
2014,iP,PSߑP,05/17(y),14:04,Ya,b,1,0,,"54,350",win
2014,iP,PSߑP,05/17(y),15:03,V,É,1,1,fJr,"24,176",draw
2014,iP,PSߑP,05/17(y),15:04,,{,1,1,xAX^,"11,339",draw
2014,iP,PSߑP,05/17(y),18:04,e,f,3,0,X^,"26,485",win
2014,iP,PSߑP,05/17(y),19:04,,,1,0,JV},"13,544",win
2014,iP,PSߑQ,05/18(),13:04,,L,1,0,AX^,"18,863",win
2014,iP,PSߑQ,05/18(),15:05,e,lFM,0,3,X,"19,668",lose
2014,iP,PQߑQ,07/15(),19:04,L,lFM,1,2,dX^,"9,515",lose
2014,iP,PQߑQ,07/15(),19:04,b,e,1,2,X^,"15,873",lose
2014,iP,PTߑP,07/19(y),18:04,,e,0,2,ACX^,"15,305",lose
2014,iP,PTߑP,07/19(y),18:04,Ya,V,1,0,,"30,776",win
2014,iP,PTߑP,07/19(y),18:34,e,,1,1,X^,"27,387",draw
2014,iP,PTߑP,07/19(y),19:04,_,,0,1,mGX^,"20,616",lose
2014,iP,PTߑP,07/19(y),19:04,f,b{,2,0,,"11,373",win
2014,iP,PTߑP,07/19(y),19:04,É,,1,1,LcX,"22,635",draw
2014,iP,PTߑP,07/19(y),19:04,{,L,3,3,m`bj,"9,272",draw
2014,iP,PTߑP,07/19(y),19:04,b,lFM,2,2,}[,"30,188",draw
2014,iP,PTߑP,07/19(y),20:04,,,0,0,,"8,982",draw
2014,iP,PUߑP,07/23(),19:03,V,e,0,1,fJr,"17,348",lose
2014,iP,PUߑP,07/23(),19:03,,{,2,2,JV},"8,840",draw
2014,iP,PUߑP,07/23(),19:03,b{,b,0,0,X^,"12,052",draw
2014,iP,PUߑP,07/23(),19:03,f,,4,0,,"10,898",win
2014,iP,PUߑP,07/23(),19:03,,É,3,3,AX^,"13,302",draw
2014,iP,PUߑP,07/23(),19:04,,e,0,1,xAX^,"23,277",lose
2014,iP,PUߑP,07/23(),19:04,L,,5,2,dX^,"12,673",win
2014,iP,PUߑP,07/23(),19:05,,Ya,0,2,,"10,860",lose
2014,iP,PUߑP,07/23(),19:34,lFM,_,1,1,jbp,"13,445",draw
2014,iP,PVߑP,07/27(),18:04,Ya,,1,1,,"39,205",draw
2014,iP,PVߑP,07/27(),18:04,,,3,0,ACX^,"11,095",win
2014,iP,PVߑP,07/27(),18:34,e,,3,0,X^,"15,491",win
2014,iP,PVߑP,07/27(),19:03,e,V,1,0,X,"19,254",win
2014,iP,PVߑP,07/27(),19:04,{,,1,3,m`bj,"8,123",lose
2014,iP,PVߑP,07/27(),19:04,É,lFM,1,1,䗤,"16,261",draw
2014,iP,PVߑP,07/27(),19:04,b,,0,1,X^,"13,431",lose
2014,iP,PVߑP,07/27(),19:04,_,f,1,5,mGX^,"18,012",lose
2014,iP,PVߑP,07/27(),19:04,L,b{,1,1,dX^,"15,101",draw
2014,iP,PWߑP,08/02(y),18:03,f,lFM,2,0,,"15,363",win
2014,iP,PWߑP,08/02(y),18:34,,L,5,1,JV},"16,632",win
2014,iP,PWߑP,08/02(y),18:34,e,,4,0,X^,"24,119",win
2014,iP,PWߑP,08/02(y),18:34,,b{,2,2,,"3,594",draw
2014,iP,PWߑP,08/02(y),19:03,,e,4,1,,"11,963",win
2014,iP,PWߑP,08/02(y),19:03,V,b,1,0,fJr,"30,078",win
2014,iP,PWߑP,08/02(y),19:04,,{,2,2,AX^,"14,931",draw
2014,iP,PWߑP,08/02(y),19:04,Ya,_,2,2,,"26,494",draw
2014,iP,PWߑP,08/02(y),19:04,,É,1,0,xAX^,"10,415",win
2014,iP,PXߑP,08/09(y),18:04,,,1,0,ACX^,"11,887",win
2014,iP,PXߑP,08/09(y),18:34,b{,,0,0,X^,"8,523",draw
2014,iP,PXߑP,08/09(y),19:04,{,f,0,2,m`bj,"10,541",lose
2014,iP,PXߑP,08/09(y),19:04,_,V,1,0,mGX^,"11,303",win
2014,iP,PXߑP,08/09(y),19:04,É,,2,3,LcX,"16,369",lose
2014,iP,PXߑP,08/09(y),19:04,b,e,0,0,}[,"16,211",draw
2014,iP,PXߑP,08/09(y),19:04,e,Ya,2,1,X,"18,378",win
2014,iP,PXߑP,08/09(y),19:04,lFM,,2,2,YX,"24,544",draw
2014,iP,PXߑQ,08/11(),19:04,L,,1,0,dX^,"12,026",win
2014,iP,QOߑP,08/16(y),18:03,f,É,0,1,,"15,383",lose
2014,iP,QOߑP,08/16(y),18:04,Ya,L,1,0,,"39,224",win
2014,iP,QOߑP,08/16(y),18:33,,b{,1,0,JV},"16,724",win
2014,iP,QOߑP,08/16(y),19:04,e,b,5,4,X,"18,124",win
2014,iP,QOߑP,08/16(y),19:04,,e,0,2,xAX^,"18,100",lose
2014,iP,QOߑP,08/16(y),19:04,V,{,2,1,fJr,"26,949",win
2014,iP,QOߑP,08/16(y),19:04,,lFM,0,3,,"12,034",lose
2014,iP,QOߑP,08/16(y),19:04,,,3,2,AX^,"14,252",win
2014,iP,QOߑP,08/16(y),19:04,,_,2,0,,"9,219",win
2014,iP,QPߑP,08/23(y),18:04,,,1,3,ACX^,"13,447",lose
2014,iP,QPߑP,08/23(y),18:34,b{,f,3,3,X^,"12,191",draw
2014,iP,QPߑP,08/23(y),18:34,e,Ya,4,4,X^,"32,759",draw
2014,iP,QPߑP,08/23(y),19:03,_,,2,1,mGX^,"13,329",win
2014,iP,QPߑP,08/23(y),19:04,{,,1,3,m`bj,"8,718",lose
2014,iP,QPߑP,08/23(y),19:04,lFM,e,2,0,jbp,"14,014",win
2014,iP,QPߑP,08/23(y),19:04,V,,1,2,fJr,"24,903",lose
2014,iP,QPߑP,08/23(y),19:04,L,b,0,0,dX^,"21,102",draw
2014,iP,QPߑP,08/23(y),19:04,É,,1,1,LcX,"15,124",draw
2014,iP,QQߑP,08/30(y),18:04,Ya,{,4,0,,"42,308",win
2014,iP,QQߑP,08/30(y),18:04,f,V,5,0,,"12,696",win
2014,iP,QQߑP,08/30(y),18:34,,L,0,1,,"11,640",lose
2014,iP,QQߑP,08/30(y),19:03,,b{,3,0,,"9,022",win
2014,iP,QQߑP,08/30(y),19:04,,lFM,1,2,AX^,"17,468",lose
2014,iP,QQߑP,08/30(y),19:04,,,2,2,xAX^,"17,234",draw
2014,iP,QQߑP,08/30(y),19:04,,e,2,2,JV},"19,839",draw
2014,iP,QQߑP,08/30(y),19:04,É,e,1,1,䗤,"15,312",draw
2014,iP,QQߑP,08/30(y),19:04,b,_,1,2,}[,"21,091",lose
2014,iP,QRߑP,09/13(y),15:06,,Ya,1,4,GRp,"19,059",lose
2014,iP,QRߑP,09/13(y),18:05,{,,2,1,FJ,"14,182",win
2014,iP,QRߑP,09/13(y),18:34,b{,,1,0,X^,"10,352",win
2014,iP,QRߑP,09/13(y),18:34,e,_,1,1,X^,"19,097",draw
2014,iP,QRߑP,09/13(y),19:03,lFM,É,0,2,YX,"25,045",lose
2014,iP,QRߑP,09/13(y),19:04,L,f,0,1,dX^,"17,490",lose
2014,iP,QRߑP,09/13(y),19:04,V,,1,0,fJr,"23,981",win
2014,iP,QRߑP,09/13(y),19:04,b,,2,0,}[,"22,941",win
2014,iP,QRߑP,09/13(y),19:05,e,,4,0,X,"18,444",win
2014,iP,QSߑP,09/20(y),15:04,É,b{,2,0,䗤,"9,919",win
2014,iP,QSߑP,09/20(y),16:04,f,b,2,0,,"19,569",win
2014,iP,QSߑP,09/20(y),19:03,_,,3,1,_˃,"14,850",win
2014,iP,QSߑP,09/20(y),19:04,,,2,1,xAX^,"10,231",win
2014,iP,QSߑP,09/20(y),19:04,,{,0,2,,"5,996",lose
2014,iP,QSߑP,09/20(y),19:04,,lFM,1,0,JV},"17,834",win
2014,iP,QSߑP,09/20(y),19:04,e,e,0,0,X,"18,805",draw
2014,iP,QSߑP,09/20(y),19:04,L,V,2,0,dX^,"11,937",win
2014,iP,QSߑP,09/20(y),19:05,Ya,,3,1,,"31,652",win
2014,iP,QTߑP,09/23(΁Ej),14:04,,f,0,3,ACX^,"15,093",lose
2014,iP,QTߑP,09/23(΁Ej),14:04,,,0,1,AX^,"17,006",lose
2014,iP,QTߑP,09/23(΁Ej),14:31,V,Ya,0,2,fJr,"28,303",lose
2014,iP,QTߑP,09/23(΁Ej),15:03,e,,4,0,X^,"22,187",win
2014,iP,QTߑP,09/23(΁Ej),15:04,lFM,L,1,0,YX,"23,438",win
2014,iP,QTߑP,09/23(΁Ej),15:34,{,e,1,3,m`bj,"12,848",lose
2014,iP,QTߑP,09/23(΁Ej),18:04,b{,_,2,0,X^,"9,916",win
2014,iP,QTߑP,09/23(΁Ej),19:04,b,É,1,2,}[,"17,807",lose
2014,iP,QTߑP,09/23(΁Ej),19:04,,,2,0,,"9,022",win
2014,iP,QUߑP,09/27(y),14:04,lFM,b{,0,0,jbp,"12,953",draw
2014,iP,QUߑP,09/27(y),15:34,L,_,1,1,dX^,"12,433",draw
2014,iP,QUߑP,09/27(y),16:03,e,,4,0,X^,"22,945",win
2014,iP,QUߑP,09/27(y),18:04,{,,2,1,m`bj,"11,684",win
2014,iP,QUߑP,09/27(y),18:05,f,,4,1,,"13,221",win
2014,iP,QUߑP,09/27(y),19:04,,,0,5,,"10,493",lose
2014,iP,QUߑP,09/27(y),19:04,b,Ya,1,0,}[,"22,936",win
2014,iP,QUߑP,09/27(y),19:05,e,,1,1,X,"18,127",draw
2014,iP,QUߑP,09/27(y),19:34,É,V,0,1,䗤,"11,652",lose
2014,iP,QVߑP,10/05(),12:34,,f,2,3,JV},"17,939",lose
2014,iP,QVߑP,10/05(),14:04,,b,3,0,ACX^,"11,971",win
2014,iP,QVߑP,10/05(),14:04,Ya,,2,1,,"23,294",win
2014,iP,QVߑP,10/05(),15:03,_,É,1,3,mGX^,"17,516",lose
2014,iP,QVߑP,10/05(),15:04,,lFM,1,0,xAX^,"12,632",win
2014,iP,QVߑP,10/05(),15:34,,e,1,0,AX^,"13,699",win
2014,iP,QVߑP,10/05(),15:34,,L,0,0,,"6,115",draw
2014,iP,QVߑP,10/05(),17:04,b{,{,0,1,X^,"5,416",lose
2014,iP,QVߑP,10/05(),19:04,V,e,3,0,fJr,"17,265",win
2014,iP,QWߑP,10/18(y),13:04,,_,2,2,,"6,678",draw
2014,iP,QWߑP,10/18(y),14:04,,,2,3,JV},"15,577",lose
2014,iP,QWߑP,10/18(y),14:04,f,e,1,0,,"17,615",win
2014,iP,QWߑP,10/18(y),14:04,,Ya,4,2,AX^,"18,914",win
2014,iP,QWߑP,10/18(y),15:03,V,b{,0,0,fJr,"21,964",draw
2014,iP,QWߑP,10/18(y),15:03,lFM,,1,0,YX,"19,310",win
2014,iP,QWߑP,10/18(y),16:04,L,É,4,0,dX^,"16,304",win
2014,iP,QWߑP,10/18(y),17:04,{,e,1,0,m`bj,"11,901",win
2014,iP,QWߑP,10/18(y),19:05,,b,1,0,xAX^,"15,083",win
2014,iP,QXߑP,10/22(),19:03,e,,2,0,X,"10,609",win
2014,iP,QXߑP,10/22(),19:03,,f,1,0,,"7,474",win
2014,iP,QXߑP,10/22(),19:04,É,,0,0,䗤,"5,599",draw
2014,iP,QXߑP,10/22(),19:04,e,L,2,1,X^,"13,048",win
2014,iP,QXߑP,10/22(),19:04,Ya,b{,0,0,,"19,977",draw
2014,iP,QXߑP,10/22(),19:04,b,,3,1,X^,"10,262",win
2014,iP,QXߑP,10/22(),19:04,{,lFM,2,3,m`bj,"7,001",lose
2014,iP,QXߑP,10/22(),19:04,,V,2,1,ACX^,"8,539",win
2014,iP,QXߑP,10/22(),19:04,_,,0,0,mGX^,"9,375",draw
2014,iP,ROߑP,10/26(),13:04,,,1,2,AX^,"15,184",lose
2014,iP,ROߑP,10/26(),16:04,_,{,2,1,mGX^,"12,826",win
2014,iP,ROߑP,10/26(),16:04,,V,0,2,xAX^,"10,386",lose
2014,iP,ROߑP,10/26(),19:04,,L,1,3,ACX^,"13,098",lose
2014,iP,ROߑP,10/26(),19:04,lFM,b,0,0,YX,"27,384",draw
2014,iP,ROߑP,10/26(),19:04,,É,0,2,,"8,094",lose
2014,iP,ROߑP,10/26(),19:04,f,e,2,1,,"15,695",win
2014,iP,ROߑP,10/26(),19:04,,Ya,1,1,JV},"26,566",draw
2014,iP,ROߑP,10/26(),19:04,b{,e,2,1,X^,"10,536",win
2014,iP,RPߑP,11/02(),13:03,f,,1,1,,"13,142",draw
2014,iP,RPߑP,11/02(),13:04,É,e,2,2,䗤,"13,983",draw
2014,iP,RPߑP,11/02(),13:05,b,b{,1,3,}[,"23,378",lose
2014,iP,RPߑP,11/02(),16:03,,,2,0,,"9,251",win
2014,iP,RPߑP,11/02(),16:04,e,,2,3,X,"19,169",lose
2014,iP,RPߑP,11/02(),16:04,V,,1,2,fJr,"27,809",lose
2014,iP,RPߑP,11/02(),16:04,L,{,1,1,dX^,"14,024",draw
2014,iP,RPߑP,11/02(),19:04,,_,2,1,xAX^,"12,895",win
2014,iP,RPߑQ,11/03(Ej),17:04,lFM,Ya,0,1,YX,"40,571",lose
2014,iP,RQߑP,11/22(y),14:04,,e,2,1,JV},"20,261",win
2014,iP,RQߑP,11/22(y),14:04,,,0,1,,"6,259",lose
2014,iP,RQߑP,11/22(y),14:04,_,lFM,1,2,mGX^,"15,791",lose
2014,iP,RQߑP,11/22(y),14:04,Ya,f,0,2,,"56,758",lose
2014,iP,RQߑP,11/22(y),14:04,b{,L,2,0,X^,"14,067",win
2014,iP,RQߑP,11/22(y),17:04,,b,3,3,AX^,"19,404",draw
2014,iP,RQߑP,11/22(y),17:04,,É,2,2,ACX^,"17,352",draw
2014,iP,RQߑP,11/22(y),17:04,e,V,1,3,X^,"42,059",lose
2014,iP,RQߑP,11/22(y),17:04,{,,1,2,m`bj,"11,836",lose
2014,iP,RRߑP,11/29(y),14:03,f,_,3,1,,"18,587",win
2014,iP,RRߑP,11/29(y),14:04,,,3,1,,"13,470",win
2014,iP,RRߑP,11/29(y),14:04,,Ya,1,1,xAX^,"19,235",draw
2014,iP,RRߑP,11/29(y),14:04,e,L,1,1,X,"15,468",draw
2014,iP,RRߑP,11/29(y),14:04,b,,1,4,}[,"23,330",lose
2014,iP,RRߑP,11/29(y),17:04,lFM,V,1,0,YX,"29,379",win
2014,iP,RRߑP,11/29(y),17:04,,,2,1,AX^,"17,152",win
2014,iP,RRߑP,11/29(y),17:04,É,{,2,1,LcX,"21,695",win
2014,iP,RRߑP,11/29(y),17:04,b{,e,0,0,X^,"15,071",draw
2014,iP,RSߑP,12/06(y),15:33,,,0,1,JV},"25,318",lose
2014,iP,RSߑP,12/06(y),15:33,{,b,2,0,m`bj,"12,035",win
2014,iP,RSߑP,12/06(y),15:34,,b{,0,0,ACX^,"19,824",draw
2014,iP,RSߑP,12/06(y),15:34,_,e,1,2,mGX^,"17,574",lose
2014,iP,RSߑP,12/06(y),15:34,e,lFM,1,1,X^,"32,538",draw
2014,iP,RSߑP,12/06(y),15:34,Ya,É,1,2,,"53,091",lose
2014,iP,RSߑP,12/06(y),15:34,,f,0,0,,"17,274",draw
2014,iP,RSߑP,12/06(y),15:35,L,,2,0,dX^,"17,189",win
2014,iP,RSߑQ,12/08(),19:03,V,,0,2,JV},"2,104",lose
